Date,Open,High,Low,Close,Volume,Dividends,Stock Splits
2018-02-13 00:00:00-05:00,43.88,43.99,43.51,43.61,17857291,0.0,0.0
2018-02-14 00:00:00-05:00,43.15,43.77,43.07,43.61,11996142,0.0,0.0
2018-02-15 00:00:00-05:00,44.04,44.48,43.56,44.48,10584695,0.0,0.0
2018-02-16 00:00:00-05:00,44.46,45.28,44.43,44.72,12294402,0.0,0.0
2018-02-20 00:00:00-05:00,44.58,44.6,43.65,43.68,14113416,0.0,0.0
2018-02-21 00:00:00-05:00,43.72,44.04,43.34,43.34,11244935,0.0,0.0
2018-02-22 00:00:00-05:00,43.38,43.75,43.23,43.35,11334958,0.0,0.0
2018-02-23 00:00:00-05:00,43.55,43.69,43.35,43.59,9499177,0.0,0.0
2018-02-26 00:00:00-05:00,43.69,44.64,43.69,44.54,12725026,0.0,0.0
2018-02-27 00:00:00-05:00,44.42,44.46,43.46,43.47,9734453,0.0,0.0
2018-02-28 00:00:00-05:00,43.74,43.83,43.07,43.07,11807606,0.0,0.0
2018-03-01 00:00:00-05:00,43.11,43.54,42.44,42.66,13648523,0.0,0.0
2018-03-02 00:00:00-05:00,42.49,43.24,42.2,43.19,9355706,0.0,0.0
2018-03-05 00:00:00-05:00,43.09,43.46,42.96,43.22,13743577,0.0,0.0
2018-03-06 00:00:00-05:00,43.29,43.46,42.76,43.14,9716951,0.0,0.0
2018-03-07 00:00:00-05:00,42.77,43.36,42.7,43.27,12817564,0.0,0.0
2018-03-08 00:00:00-05:00,43.31,43.55,43.19,43.5,7705001,0.0,0.0
2018-03-09 00:00:00-05:00,43.72,43.85,43.46,43.81,9240006,0.0,0.0
2018-03-12 00:00:00-04:00,44.27,44.59,43.88,43.98,11269039,0.0,0.0
2018-03-13 00:00:00-04:00,44.28,44.29,43.69,43.99,12272080,0.0,0.0
2018-03-14 00:00:00-04:00,44.29,44.42,43.52,43.92,11692222,0.46,0.0
2018-03-15 00:00:00-04:00,44.04,44.66,43.99,44.28,10560277,0.0,0.0
2018-03-16 00:00:00-04:00,44.23,44.76,44.14,44.61,22010620,0.0,0.0
2018-03-19 00:00:00-04:00,44.61,44.62,43.47,43.78,12391762,0.0,0.0
2018-03-20 00:00:00-04:00,43.88,44.03,43.56,43.79,8153440,0.0,0.0
2018-03-21 00:00:00-04:00,43.88,44.3,43.61,43.83,10489746,0.0,0.0
2018-03-22 00:00:00-04:00,43.47,44.06,43.3,43.37,13387990,0.0,0.0
2018-03-23 00:00:00-04:00,43.53,43.84,42.75,42.8,12408634,0.0,0.0
2018-03-26 00:00:00-04:00,43.32,43.4,42.45,43.31,10448770,0.0,0.0
2018-03-27 00:00:00-04:00,43.27,43.72,42.85,43.07,16956535,0.0,0.0
2018-03-28 00:00:00-04:00,43.32,44.35,43.29,44.15,13302788,0.0,0.0
2018-03-29 00:00:00-04:00,44.36,44.4,43.65,43.65,10218524,0.0,0.0
2018-04-02 00:00:00-04:00,43.6,43.8,42.44,42.69,14041104,0.0,0.0
2018-04-03 00:00:00-04:00,42.75,43.4,42.34,43.35,9688341,0.0,0.0
2018-04-04 00:00:00-04:00,42.85,43.83,42.79,43.71,9330030,0.0,0.0
2018-04-05 00:00:00-04:00,44.12,44.38,43.63,43.7,13074638,0.0,0.0
2018-04-06 00:00:00-04:00,43.5,43.74,42.39,42.76,13100838,0.0,0.0
2018-04-09 00:00:00-04:00,44.08,46.02,43.72,45.01,24352376,0.0,0.0
2018-04-10 00:00:00-04:00,45.42,45.51,44.91,45.27,13481891,0.0,0.0
2018-04-11 00:00:00-04:00,44.93,45.31,44.79,45.04,9445834,0.0,0.0
2018-04-12 00:00:00-04:00,45.36,45.83,44.99,45.47,12511967,0.0,0.0
2018-04-13 00:00:00-04:00,45.74,45.94,45.39,45.82,10536278,0.0,0.0
2018-04-16 00:00:00-04:00,46.3,47.48,45.82,47.0,23627998,0.0,0.0
2018-04-17 00:00:00-04:00,47.96,48.05,47.25,47.5,16070451,0.0,0.0
2018-04-18 00:00:00-04:00,47.61,47.78,46.95,47.22,11779730,0.0,0.0
2018-04-19 00:00:00-04:00,47.22,47.54,46.82,46.99,11041204,0.0,0.0
2018-04-20 00:00:00-04:00,47.17,47.5,47.01,47.15,10109951,0.0,0.0
2018-04-23 00:00:00-04:00,48.12,48.58,47.63,48.28,20767587,0.0,0.0
2018-04-24 00:00:00-04:00,48.41,48.88,47.9,48.16,13974975,0.0,0.0
2018-04-25 00:00:00-04:00,48.0,48.02,47.23,47.79,14057034,0.0,0.0
2018-04-26 00:00:00-04:00,47.94,48.16,47.37,47.61,14148105,0.0,0.0
2018-04-27 00:00:00-04:00,47.55,47.8,47.53,47.66,8034073,0.0,0.0
2018-04-30 00:00:00-04:00,47.8,48.07,47.18,47.18,13730267,0.0,0.0
2018-05-01 00:00:00-04:00,47.28,47.47,45.58,46.46,13756782,0.0,0.0
2018-05-02 00:00:00-04:00,46.22,46.48,45.7,45.92,10921837,0.0,0.0
2018-05-03 00:00:00-04:00,45.79,46.32,45.17,46.1,11864932,0.0,0.0
2018-05-04 00:00:00-04:00,45.78,46.41,45.54,46.28,9149983,0.0,0.0
2018-05-07 00:00:00-04:00,46.3,46.56,45.74,45.98,10513955,0.0,0.0
2018-05-08 00:00:00-04:00,45.98,46.02,45.09,45.49,10749546,0.0,0.0
2018-05-09 00:00:00-04:00,45.66,46.81,45.54,46.44,8684042,0.0,0.0
2018-05-10 00:00:00-04:00,46.58,47.07,46.42,46.53,8624097,0.0,0.0
2018-05-11 00:00:00-04:00,46.61,48.06,46.58,47.83,13344498,0.0,0.0
2018-05-14 00:00:00-04:00,47.9,48.15,47.63,47.83,9942062,0.0,0.0
2018-05-15 00:00:00-04:00,47.63,47.92,47.2,47.44,7148932,0.0,0.0
2018-05-16 00:00:00-04:00,47.54,48.09,47.37,47.88,8941222,0.0,0.0
2018-05-17 00:00:00-04:00,47.71,47.91,47.19,47.34,8222398,0.0,0.0
2018-05-18 00:00:00-04:00,47.25,47.65,46.07,47.39,10151242,0.0,0.0
2018-05-21 00:00:00-04:00,47.43,47.54,46.79,46.94,8882219,0.0,0.0
2018-05-22 00:00:00-04:00,47.11,47.39,46.8,46.84,9357068,0.0,0.0
2018-05-23 00:00:00-04:00,46.84,47.67,46.83,47.42,10375619,0.0,0.0
2018-05-24 00:00:00-04:00,47.48,47.61,47.13,47.39,7261382,0.0,0.0
2018-05-25 00:00:00-04:00,47.39,47.65,47.15,47.35,6985339,0.0,0.0
2018-05-29 00:00:00-04:00,46.95,47.19,46.5,46.8,9228269,0.0,0.0
2018-05-30 00:00:00-04:00,47.0,47.92,46.9,47.86,11572016,0.0,0.0
2018-05-31 00:00:00-04:00,47.79,47.99,47.53,47.71,12786019,0.0,0.0
2018-06-01 00:00:00-04:00,48.0,48.73,47.78,48.53,11556925,0.0,0.0
2018-06-04 00:00:00-04:00,49.33,50.11,49.03,49.7,20410534,0.0,0.0
2018-06-05 00:00:00-04:00,49.69,49.95,48.93,49.2,13098218,0.0,0.0
2018-06-06 00:00:00-04:00,49.29,49.64,49.06,49.63,7912190,0.0,0.0
2018-06-07 00:00:00-04:00,49.69,49.72,49.29,49.68,7910933,0.0,0.0
2018-06-08 00:00:00-04:00,49.69,50.21,49.66,50.15,10142754,0.0,0.0
2018-06-11 00:00:00-04:00,50.3,50.38,49.75,49.95,7542666,0.0,0.0
2018-06-12 00:00:00-04:00,49.98,50.17,49.69,50.04,8308230,0.0,0.0
2018-06-13 00:00:00-04:00,50.14,50.46,49.97,50.16,9873732,0.0,0.0
2018-06-14 00:00:00-04:00,50.13,50.38,49.44,49.71,12528211,0.46,0.0
2018-06-15 00:00:00-04:00,49.74,50.15,49.44,50.09,17246517,0.0,0.0
2018-06-18 00:00:00-04:00,49.55,49.55,48.93,49.25,9990270,0.0,0.0
2018-06-19 00:00:00-04:00,48.98,49.51,48.96,49.29,10501589,0.0,0.0
2018-06-20 00:00:00-04:00,49.31,49.65,49.09,49.49,12757094,0.0,0.0
2018-06-21 00:00:00-04:00,49.48,49.48,49.11,49.41,9336527,0.0,0.0
2018-06-22 00:00:00-04:00,49.49,50.01,49.44,49.64,12885998,0.0,0.0
2018-06-25 00:00:00-04:00,49.59,49.76,48.97,49.33,11057238,0.0,0.0
2018-06-26 00:00:00-04:00,49.13,49.28,48.95,49.04,12571913,0.0,0.0
2018-06-27 00:00:00-04:00,49.02,49.33,48.29,48.36,10948770,0.0,0.0
2018-06-28 00:00:00-04:00,48.54,49.06,48.45,48.7,10691591,0.0,0.0
2018-06-29 00:00:00-04:00,48.88,49.64,48.74,49.02,14956951,0.0,0.0
2018-07-02 00:00:00-04:00,48.9,48.91,48.39,48.83,9546337,0.0,0.0
2018-07-03 00:00:00-04:00,49.05,49.5,48.9,49.03,5106590,0.0,0.0
2018-07-05 00:00:00-04:00,49.59,50.04,49.34,49.78,9517098,0.0,0.0
2018-07-06 00:00:00-04:00,49.91,50.48,49.9,50.23,8543191,0.0,0.0
2018-07-09 00:00:00-04:00,50.44,50.63,50.07,50.09,8724600,0.0,0.0
2018-07-10 00:00:00-04:00,50.39,50.58,50.16,50.31,11266524,0.0,0.0
2018-07-11 00:00:00-04:00,50.18,50.23,49.74,49.99,6055344,0.0,0.0
2018-07-12 00:00:00-04:00,50.43,50.75,50.18,50.6,8424453,0.0,0.0
2018-07-13 00:00:00-04:00,50.29,50.91,50.27,50.79,7705106,0.0,0.0
2018-07-16 00:00:00-04:00,50.82,50.84,50.34,50.55,4729938,0.0,0.0
2018-07-17 00:00:00-04:00,50.5,50.72,50.44,50.5,5292086,0.0,0.0
2018-07-18 00:00:00-04:00,50.55,50.86,50.37,50.83,6645578,0.0,0.0
2018-07-19 00:00:00-04:00,50.67,50.83,50.27,50.48,7631641,0.0,0.0
2018-07-20 00:00:00-04:00,50.12,50.51,50.08,50.49,7204686,0.0,0.0
2018-07-23 00:00:00-04:00,50.53,50.7,50.48,50.63,7266413,0.0,0.0
2018-07-24 00:00:00-04:00,50.8,51.23,50.73,51.22,9931058,0.0,0.0
2018-07-25 00:00:00-04:00,51.22,52.15,51.17,52.08,11023598,0.0,0.0
2018-07-26 00:00:00-04:00,52.18,52.65,51.68,51.69,11677235,0.0,0.0
2018-07-27 00:00:00-04:00,50.43,51.7,50.38,51.27,8815357,0.0,0.0
2018-07-30 00:00:00-04:00,51.52,52.41,51.31,52.34,10129130,0.0,0.0
2018-07-31 00:00:00-04:00,52.41,53.4,52.4,53.2,16184683,0.0,0.0
2018-08-01 00:00:00-04:00,53.07,53.41,52.86,52.89,7949604,0.0,0.0
2018-08-02 00:00:00-04:00,52.74,52.84,52.39,52.67,7226379,0.0,0.0
2018-08-03 00:00:00-04:00,52.65,53.32,52.47,53.24,7333066,0.0,0.0
2018-08-06 00:00:00-04:00,53.37,53.69,53.05,53.48,8600202,0.0,0.0
2018-08-07 00:00:00-04:00,53.37,54.1,53.32,53.77,8471298,0.0,0.0
2018-08-08 00:00:00-04:00,53.71,54.1,53.42,53.86,6821746,0.0,0.0
2018-08-09 00:00:00-04:00,54.0,54.0,53.14,53.3,7495086,0.0,0.0
2018-08-10 00:00:00-04:00,53.22,53.7,53.04,53.36,7796806,0.0,0.0
2018-08-13 00:00:00-04:00,53.41,54.02,53.36,53.88,9973606,0.0,0.0
2018-08-14 00:00:00-04:00,53.79,54.07,53.51,53.67,6912608,0.0,0.0
2018-08-15 00:00:00-04:00,53.89,54.57,53.68,54.41,11413873,0.0,0.0
2018-08-16 00:00:00-04:00,54.59,55.72,54.41,55.6,19378358,0.0,0.0
2018-08-17 00:00:00-04:00,55.55,55.92,55.48,55.77,8223761,0.0,0.0
2018-08-20 00:00:00-04:00,55.72,56.71,55.67,56.67,10919426,0.0,0.0
2018-08-21 00:00:00-04:00,56.7,56.73,55.8,55.86,10285701,0.0,0.0
2018-08-22 00:00:00-04:00,55.87,56.05,55.6,55.76,6176178,0.0,0.0
2018-08-23 00:00:00-04:00,55.62,55.88,55.51,55.7,5806654,0.0,0.0
2018-08-24 00:00:00-04:00,55.72,55.93,55.54,55.76,5194098,0.0,0.0
2018-08-27 00:00:00-04:00,56.0,56.07,55.34,55.72,5327822,0.0,0.0
2018-08-28 00:00:00-04:00,55.6,55.62,55.22,55.42,6219251,0.0,0.0
2018-08-29 00:00:00-04:00,55.22,55.64,55.13,55.57,5753206,0.0,0.0
2018-08-30 00:00:00-04:00,55.45,55.67,55.2,55.35,4972341,0.0,0.0
2018-08-31 00:00:00-04:00,55.2,55.52,55.04,55.39,6018978,0.0,0.0
2018-09-04 00:00:00-04:00,55.21,55.25,54.86,54.88,6045178,0.0,0.0
2018-09-05 00:00:00-04:00,54.88,55.47,54.84,55.42,6664337,0.0,0.0
2018-09-06 00:00:00-04:00,55.7,56.16,55.58,56.03,10099995,0.0,0.0
2018-09-07 00:00:00-04:00,55.85,56.35,55.6,56.26,9971930,0.0,0.0
2018-09-10 00:00:00-04:00,56.53,57.01,56.15,56.18,7616759,0.0,0.0
2018-09-11 00:00:00-04:00,56.37,56.37,55.78,55.79,6094644,0.0,0.0
2018-09-12 00:00:00-04:00,56.05,56.55,55.82,56.42,6382320,0.0,0.0
2018-09-13 00:00:00-04:00,56.66,57.29,56.19,57.2,10750594,0.0,0.0
2018-09-14 00:00:00-04:00,57.52,57.52,56.64,56.9,7792928,0.46,0.0
2018-09-17 00:00:00-04:00,56.79,57.29,56.63,57.26,7018770,0.0,0.0
2018-09-18 00:00:00-04:00,57.25,57.65,56.84,57.26,7126819,0.0,0.0
2018-09-19 00:00:00-04:00,57.04,57.38,56.62,56.9,8325522,0.0,0.0
2018-09-20 00:00:00-04:00,57.2,57.59,56.96,57.55,6435454,0.0,0.0
2018-09-21 00:00:00-04:00,57.66,58.2,57.66,57.81,17850689,0.0,0.0
2018-09-24 00:00:00-04:00,57.66,57.97,57.43,57.55,6747862,0.0,0.0
2018-09-25 00:00:00-04:00,57.61,58.04,57.34,57.44,6770499,0.0,0.0
2018-09-26 00:00:00-04:00,57.67,57.85,57.06,57.18,7260963,0.0,0.0
2018-09-27 00:00:00-04:00,57.18,57.88,56.98,57.5,6315458,0.0,0.0
2018-09-28 00:00:00-04:00,57.5,57.89,57.44,57.68,7135622,0.0,0.0
2018-10-01 00:00:00-04:00,57.79,58.45,57.41,58.16,7994668,0.0,0.0
2018-10-02 00:00:00-04:00,58.52,58.68,57.8,58.34,10894589,0.0,0.0
2018-10-03 00:00:00-04:00,58.62,58.88,58.01,58.03,10037325,0.0,0.0
2018-10-04 00:00:00-04:00,57.83,58.02,57.29,57.91,10837054,0.0,0.0
2018-10-05 00:00:00-04:00,57.92,58.29,57.39,57.75,7790308,0.0,0.0
2018-10-08 00:00:00-04:00,57.67,58.3,57.64,58.1,9279830,0.0,0.0
2018-10-09 00:00:00-04:00,58.1,59.08,57.71,58.82,8249122,0.0,0.0
2018-10-10 00:00:00-04:00,58.93,59.27,57.23,57.28,13259191,0.0,0.0
2018-10-11 00:00:00-04:00,57.22,57.35,55.14,55.59,13491952,0.0,0.0
2018-10-12 00:00:00-04:00,55.86,56.97,55.63,56.76,10648938,0.0,0.0
2018-10-15 00:00:00-04:00,56.26,57.09,56.05,56.48,6896783,0.0,0.0
2018-10-16 00:00:00-04:00,56.79,57.98,56.71,57.91,10719992,0.0,0.0
2018-10-17 00:00:00-04:00,57.8,58.49,57.57,58.4,9793036,0.0,0.0
2018-10-18 00:00:00-04:00,58.66,58.87,58.07,58.71,12812848,0.0,0.0
2018-10-19 00:00:00-04:00,58.79,59.08,58.49,58.83,15210043,0.0,0.0
2018-10-22 00:00:00-04:00,59.33,59.75,58.42,59.01,12486186,0.0,0.0
2018-10-23 00:00:00-04:00,58.67,58.88,57.91,58.62,12116871,0.0,0.0
2018-10-24 00:00:00-04:00,58.4,59.06,57.1,57.36,15348170,0.0,0.0
2018-10-25 00:00:00-04:00,54.43,57.38,53.75,56.88,21553692,0.0,0.0
2018-10-26 00:00:00-04:00,56.73,57.55,56.01,57.24,17764229,0.0,0.0
2018-10-29 00:00:00-04:00,58.03,59.38,57.36,58.1,19743901,0.0,0.0
2018-10-30 00:00:00-04:00,58.29,59.32,58.14,59.25,19845976,0.0,0.0
2018-10-31 00:00:00-04:00,59.69,60.57,59.17,59.85,16624529,0.0,0.0
2018-11-01 00:00:00-04:00,60.01,60.2,59.09,59.45,14507988,0.0,0.0
2018-11-02 00:00:00-04:00,59.82,59.92,58.23,58.76,13517838,0.0,0.0
2018-11-05 00:00:00-05:00,58.51,59.82,57.01,59.45,12922364,0.0,0.0
2018-11-06 00:00:00-05:00,59.31,60.01,59.15,59.61,10737913,0.0,0.0
2018-11-07 00:00:00-05:00,60.25,61.25,60.04,61.05,19566684,0.0,0.0
2018-11-08 00:00:00-05:00,60.89,61.54,60.67,61.37,13634690,0.0,0.0
2018-11-09 00:00:00-05:00,61.68,61.79,60.82,60.87,15359802,0.0,0.0
2018-11-12 00:00:00-05:00,61.09,61.2,60.19,60.73,14679022,0.0,0.0
2018-11-13 00:00:00-05:00,61.16,61.2,60.18,60.66,16587430,0.0,0.0
2018-11-14 00:00:00-05:00,60.94,60.95,59.91,60.24,9936193,0.0,0.0
2018-11-15 00:00:00-05:00,59.76,60.88,59.46,60.85,12549171,0.0,0.0
2018-11-16 00:00:00-05:00,60.77,62.0,60.62,61.84,14384010,0.0,0.0
2018-11-19 00:00:00-05:00,61.97,62.29,61.46,62.08,17210675,0.0,0.0
2018-11-20 00:00:00-05:00,61.8,62.09,60.7,60.8,14240014,0.0,0.0
2018-11-21 00:00:00-05:00,60.92,61.04,60.32,60.81,9489116,0.0,0.0
2018-11-23 00:00:00-05:00,60.27,61.23,60.18,60.71,3690846,0.0,0.0
2018-11-26 00:00:00-05:00,60.97,61.59,60.81,61.34,11407061,0.0,0.0
2018-11-27 00:00:00-05:00,61.04,62.22,61.04,62.07,15325533,0.0,0.0
2018-11-28 00:00:00-05:00,62.45,62.9,62.01,62.8,12625675,0.0,0.0
2018-11-29 00:00:00-05:00,62.76,63.81,62.7,63.35,11429174,0.0,0.0
2018-11-30 00:00:00-05:00,63.29,64.63,63.19,64.51,22380669,0.0,0.0
2018-12-03 00:00:00-05:00,64.66,64.71,63.65,64.41,13183106,0.0,0.0
2018-12-04 00:00:00-05:00,64.48,65.2,63.5,63.59,15482942,0.0,0.0
2018-12-06 00:00:00-05:00,62.58,63.72,61.65,63.72,17329518,0.0,0.0
2018-12-07 00:00:00-05:00,63.6,63.67,61.88,62.38,13228799,0.0,0.0
2018-12-10 00:00:00-05:00,62.97,63.24,61.68,62.95,16163618,0.0,0.0
2018-12-11 00:00:00-05:00,63.36,63.67,62.23,62.7,13867660,0.0,0.0
2018-12-12 00:00:00-05:00,63.23,64.04,63.19,63.43,11219678,0.0,0.0
2018-12-13 00:00:00-05:00,63.62,64.3,63.42,64.24,11272498,0.0,0.0
2018-12-14 00:00:00-05:00,63.73,63.89,62.42,62.62,13896375,0.52,0.0
2018-12-17 00:00:00-05:00,62.2,62.96,61.29,61.6,15831822,0.0,0.0
2018-12-18 00:00:00-05:00,61.9,62.05,60.23,60.86,16163828,0.0,0.0
2018-12-19 00:00:00-05:00,61.15,61.61,59.83,60.4,19765594,0.0,0.0
2018-12-20 00:00:00-05:00,60.14,60.7,59.48,60.17,20321454,0.0,0.0
2018-12-21 00:00:00-05:00,59.73,60.96,59.13,59.69,37919994,0.0,0.0
2018-12-24 00:00:00-05:00,59.39,59.69,58.04,58.26,11565833,0.0,0.0
2018-12-26 00:00:00-05:00,58.11,60.62,58.11,60.59,14074011,0.0,0.0
2018-12-27 00:00:00-05:00,60.0,61.72,59.58,61.72,13577154,0.0,0.0
2018-12-28 00:00:00-05:00,62.13,62.7,61.27,61.71,13180696,0.0,0.0
2018-12-31 00:00:00-05:00,62.08,62.8,61.95,62.56,9687502,0.0,0.0
2019-01-02 00:00:00-05:00,61.65,62.22,61.08,61.89,15120125,0.0,0.0
2019-01-03 00:00:00-05:00,61.87,62.2,60.47,60.62,13910628,0.0,0.0
2019-01-04 00:00:00-05:00,61.2,62.64,61.11,62.45,14753115,0.0,0.0
2019-01-07 00:00:00-05:00,62.35,62.61,61.75,61.76,15795142,0.0,0.0
2019-01-08 00:00:00-05:00,62.12,62.4,61.65,62.22,11896686,0.0,0.0
2019-01-09 00:00:00-05:00,62.14,62.48,61.67,61.75,11916284,0.0,0.0
2019-01-10 00:00:00-05:00,61.97,61.97,60.16,60.98,19134070,0.0,0.0
2019-01-11 00:00:00-05:00,61.16,61.36,60.71,61.33,9878029,0.0,0.0
2019-01-14 00:00:00-05:00,60.83,60.95,59.85,60.07,15669486,0.0,0.0
2019-01-15 00:00:00-05:00,59.85,61.32,59.85,61.0,13102096,0.0,0.0
2019-01-16 00:00:00-05:00,61.2,62.04,60.98,61.09,15272504,0.0,0.0
2019-01-17 00:00:00-05:00,60.84,62.04,60.84,61.9,16969321,0.0,0.0
2019-01-18 00:00:00-05:00,62.34,62.5,61.79,62.12,14980741,0.0,0.0
2019-01-22 00:00:00-05:00,61.88,62.39,61.7,62.09,10568766,0.0,0.0
2019-01-23 00:00:00-05:00,61.86,61.99,61.2,61.77,14369233,0.0,0.0
2019-01-24 00:00:00-05:00,61.54,61.54,59.26,59.91,21986621,0.0,0.0
2019-01-25 00:00:00-05:00,60.44,60.46,59.05,59.73,14054099,0.0,0.0
2019-01-28 00:00:00-05:00,59.36,59.83,58.99,59.71,13376672,0.0,0.0
2019-01-29 00:00:00-05:00,59.69,60.33,59.48,59.96,11966693,0.0,0.0
2019-01-30 00:00:00-05:00,60.15,60.44,59.79,60.07,13941230,0.0,0.0
2019-01-31 00:00:00-05:00,59.89,61.26,59.86,60.94,16797658,0.0,0.0
2019-02-01 00:00:00-05:00,62.2,63.45,61.68,62.6,15941757,0.0,0.0
2019-02-04 00:00:00-05:00,62.19,62.96,61.97,62.94,11824165,0.0,0.0
2019-02-05 00:00:00-05:00,63.36,64.18,63.1,63.17,12955690,0.0,0.0
2019-02-06 00:00:00-05:00,62.92,63.64,62.74,63.37,8375721,0.0,0.0
2019-02-07 00:00:00-05:00,63.0,63.15,62.32,62.9,9661407,0.0,0.0
2019-02-08 00:00:00-05:00,62.84,63.49,62.69,63.47,9266940,0.0,0.0
2019-02-11 00:00:00-05:00,63.7,63.73,62.4,62.81,13803942,0.0,0.0
2019-02-12 00:00:00-05:00,63.28,64.63,63.14,64.29,13676086,0.0,0.0
2019-02-13 00:00:00-05:00,64.32,64.82,64.23,64.7,10980106,0.0,0.0
2019-02-14 00:00:00-05:00,64.79,65.13,64.43,64.64,8577042,0.0,0.0
2019-02-15 00:00:00-05:00,65.22,65.61,64.91,65.35,10886100,0.0,0.0
2019-02-19 00:00:00-05:00,65.33,65.61,64.75,64.88,9653547,0.0,0.0
2019-02-20 00:00:00-05:00,64.68,65.13,64.53,65.04,8993517,0.0,0.0
2019-02-21 00:00:00-05:00,64.83,65.53,64.81,65.36,7740633,0.0,0.0
2019-02-22 00:00:00-05:00,65.32,66.21,65.32,66.13,8337469,0.0,0.0
2019-02-25 00:00:00-05:00,66.21,66.31,65.5,65.81,9741265,0.0,0.0
2019-02-26 00:00:00-05:00,65.93,66.4,65.5,66.11,8927912,0.0,0.0
2019-02-27 00:00:00-05:00,65.95,66.56,65.86,66.01,7852978,0.0,0.0
2019-02-28 00:00:00-05:00,65.94,66.94,65.94,66.56,11588365,0.0,0.0
2019-03-01 00:00:00-05:00,66.94,67.08,66.46,66.85,10624205,0.0,0.0
2019-03-04 00:00:00-05:00,67.17,67.24,65.94,66.63,8522755,0.0,0.0
2019-03-05 00:00:00-05:00,66.72,67.17,66.5,66.9,8698190,0.0,0.0
2019-03-06 00:00:00-05:00,66.81,66.94,65.75,66.13,8167169,0.0,0.0
2019-03-07 00:00:00-05:00,66.35,66.41,65.54,65.87,10925505,0.0,0.0
2019-03-08 00:00:00-05:00,65.68,65.99,64.73,65.34,11716326,0.0,0.0
2019-03-11 00:00:00-04:00,65.8,66.35,65.56,66.22,9126613,0.0,0.0
2019-03-12 00:00:00-04:00,66.46,66.78,66.14,66.51,9261281,0.0,0.0
2019-03-13 00:00:00-04:00,66.82,67.15,66.48,66.81,8059749,0.0,0.0
2019-03-14 00:00:00-04:00,67.03,67.4,66.71,67.18,8530406,0.52,0.0
2019-03-15 00:00:00-04:00,67.18,67.52,66.61,67.24,17341046,0.0,0.0
2019-03-18 00:00:00-04:00,66.99,67.46,66.71,67.06,14357914,0.0,0.0
2019-03-19 00:00:00-04:00,67.22,67.6,66.74,67.52,10224393,0.0,0.0
2019-03-20 00:00:00-04:00,67.47,68.19,67.09,67.66,11894590,0.0,0.0
2019-03-21 00:00:00-04:00,67.68,68.56,67.47,68.38,9473291,0.0,0.0
2019-03-22 00:00:00-04:00,68.35,68.79,67.61,67.84,10639191,0.0,0.0
2019-03-25 00:00:00-04:00,67.65,68.21,67.53,67.89,7878654,0.0,0.0
2019-03-26 00:00:00-04:00,68.22,68.81,68.07,68.35,9242731,0.0,0.0
2019-03-27 00:00:00-04:00,68.35,68.47,67.44,67.84,10020766,0.0,0.0
2019-03-28 00:00:00-04:00,68.25,68.34,67.74,68.12,7161298,0.0,0.0
2019-03-29 00:00:00-04:00,68.42,68.67,68.18,68.56,10147994,0.0,0.0
2019-04-01 00:00:00-04:00,69.02,69.12,68.37,68.67,8820282,0.0,0.0
2019-04-02 00:00:00-04:00,68.8,69.01,68.34,68.59,5875088,0.0,0.0
2019-04-03 00:00:00-04:00,68.64,68.96,68.21,68.57,6550734,0.0,0.0
2019-04-04 00:00:00-04:00,68.43,68.59,66.95,67.47,10257719,0.0,0.0
2019-04-05 00:00:00-04:00,67.57,67.73,66.86,66.9,10324162,0.0,0.0
2019-04-08 00:00:00-04:00,66.74,66.99,66.24,66.73,10586267,0.0,0.0
2019-04-09 00:00:00-04:00,66.42,66.76,66.16,66.61,10785282,0.0,0.0
2019-04-10 00:00:00-04:00,66.66,67.04,66.48,66.62,6894268,0.0,0.0
2019-04-11 00:00:00-04:00,66.71,66.71,65.45,65.82,10410518,0.0,0.0
2019-04-12 00:00:00-04:00,65.96,66.31,65.37,65.48,10164762,0.0,0.0
2019-04-15 00:00:00-04:00,65.38,65.53,64.69,64.74,13822491,0.0,0.0
2019-04-16 00:00:00-04:00,65.31,65.36,63.82,63.94,12531250,0.0,0.0
2019-04-17 00:00:00-04:00,63.98,63.99,60.8,60.94,34181463,0.0,0.0
2019-04-18 00:00:00-04:00,60.57,61.04,59.54,60.33,32768445,0.0,0.0
2019-04-22 00:00:00-04:00,60.31,60.85,59.96,60.56,14548441,0.0,0.0
2019-04-23 00:00:00-04:00,60.75,62.03,60.51,61.5,19281523,0.0,0.0
2019-04-24 00:00:00-04:00,61.6,61.92,60.99,61.6,12779102,0.0,0.0
2019-04-25 00:00:00-04:00,61.48,63.33,61.38,62.93,13994154,0.0,0.0
2019-04-26 00:00:00-04:00,63.18,63.47,62.72,63.17,8888193,0.0,0.0
2019-04-29 00:00:00-04:00,63.14,63.62,63.05,63.29,7395317,0.0,0.0
2019-04-30 00:00:00-04:00,63.94,65.04,62.65,64.88,11269039,0.0,0.0
2019-05-01 00:00:00-04:00,64.87,65.73,64.65,64.89,15288643,0.0,0.0
2019-05-02 00:00:00-04:00,64.8,65.81,64.8,65.55,11579142,0.0,0.0
2019-05-03 00:00:00-04:00,65.57,66.06,65.33,65.95,7942582,0.0,0.0
2019-05-06 00:00:00-04:00,64.74,65.77,64.55,65.52,9906534,0.0,0.0
2019-05-07 00:00:00-04:00,65.03,65.36,63.82,64.22,10523387,0.0,0.0
2019-05-08 00:00:00-04:00,64.57,64.88,64.22,64.45,10567508,0.0,0.0
2019-05-09 00:00:00-04:00,64.04,64.72,63.67,64.57,8105861,0.0,0.0
2019-05-10 00:00:00-04:00,64.37,64.57,63.32,64.46,9027158,0.0,0.0
2019-05-13 00:00:00-04:00,63.33,63.91,63.33,63.61,9641705,0.0,0.0
2019-05-14 00:00:00-04:00,63.99,64.37,63.77,63.82,8113826,0.0,0.0
2019-05-15 00:00:00-04:00,63.37,64.2,63.31,63.93,7284543,0.0,0.0
2019-05-16 00:00:00-04:00,64.11,65.86,64.08,65.23,9910831,0.0,0.0
2019-05-17 00:00:00-04:00,64.64,65.18,64.18,64.89,8259707,0.0,0.0
2019-05-20 00:00:00-04:00,64.6,65.35,64.51,65.02,8281191,0.0,0.0
2019-05-21 00:00:00-04:00,65.19,65.73,64.74,65.54,10873734,0.0,0.0
2019-05-22 00:00:00-04:00,65.41,66.9,65.38,66.76,13491847,0.0,0.0
2019-05-23 00:00:00-04:00,66.44,66.93,66.29,66.79,9831498,0.0,0.0
2019-05-24 00:00:00-04:00,67.02,67.55,66.86,66.91,6071588,0.0,0.0
2019-05-28 00:00:00-04:00,67.09,67.55,66.14,66.16,13779733,0.0,0.0
2019-05-29 00:00:00-04:00,66.05,66.25,64.92,65.42,11278890,0.0,0.0
2019-05-30 00:00:00-04:00,65.59,65.8,65.28,65.68,7483768,0.0,0.0
2019-05-31 00:00:00-04:00,65.4,65.88,64.96,65.3,7142749,0.0,0.0
2019-06-03 00:00:00-04:00,65.66,66.71,65.55,66.16,9218103,0.0,0.0
2019-06-04 00:00:00-04:00,66.57,67.04,66.04,66.84,9368806,0.0,0.0
2019-06-05 00:00:00-04:00,67.09,67.82,66.84,67.34,9821961,0.0,0.0
2019-06-06 00:00:00-04:00,67.73,67.96,67.13,67.13,11393961,0.0,0.0
2019-06-07 00:00:00-04:00,67.45,68.32,67.45,67.98,8797436,0.0,0.0
2019-06-10 00:00:00-04:00,68.16,68.16,67.31,67.99,7536273,0.0,0.0
2019-06-11 00:00:00-04:00,68.33,68.76,67.97,68.4,7789679,0.0,0.0
2019-06-12 00:00:00-04:00,68.54,69.47,68.54,69.01,11057762,0.0,0.0
2019-06-13 00:00:00-04:00,69.29,69.39,68.03,68.34,10194001,0.0,0.0
2019-06-14 00:00:00-04:00,68.64,69.18,68.43,68.7,7989952,0.52,0.0
2019-06-17 00:00:00-04:00,68.63,69.15,68.49,69.13,6427279,0.0,0.0
2019-06-18 00:00:00-04:00,69.07,70.26,69.07,70.11,11425086,0.0,0.0
2019-06-19 00:00:00-04:00,69.92,71.0,69.88,70.84,9825419,0.0,0.0
2019-06-20 00:00:00-04:00,71.35,71.78,69.97,70.21,12490483,0.0,0.0
2019-06-21 00:00:00-04:00,70.07,70.35,69.41,70.18,15034294,0.0,0.0
2019-06-24 00:00:00-04:00,70.51,71.39,70.32,70.96,7891440,0.0,0.0
2019-06-25 00:00:00-04:00,70.99,71.58,70.38,70.74,9348894,0.0,0.0
2019-06-26 00:00:00-04:00,70.69,70.7,68.95,69.33,12604401,0.0,0.0
2019-06-27 00:00:00-04:00,69.43,70.28,69.21,69.57,11721670,0.0,0.0
2019-06-28 00:00:00-04:00,69.68,70.09,68.86,69.58,46684837,0.0,0.0
2019-07-01 00:00:00-04:00,69.98,70.48,69.62,70.33,10260863,0.0,0.0
2019-07-02 00:00:00-04:00,70.09,70.96,69.79,70.96,10381593,0.0,0.0
2019-07-03 00:00:00-04:00,71.42,72.26,71.36,72.11,6533232,0.0,0.0
2019-07-05 00:00:00-04:00,71.93,72.03,70.94,71.04,8767358,0.0,0.0
2019-07-08 00:00:00-04:00,70.55,70.95,69.29,69.74,13693273,0.0,0.0
2019-07-09 00:00:00-04:00,69.91,70.71,69.78,70.42,8490791,0.0,0.0
2019-07-10 00:00:00-04:00,70.37,70.63,70.0,70.39,5996132,0.0,0.0
2019-07-11 00:00:00-04:00,69.29,69.43,66.21,67.22,22146126,0.0,0.0
2019-07-12 00:00:00-04:00,67.09,67.14,65.25,66.16,18910636,0.0,0.0
2019-07-15 00:00:00-04:00,66.89,67.44,66.49,67.18,10922570,0.0,0.0
2019-07-16 00:00:00-04:00,67.48,67.87,67.13,67.71,8448662,0.0,0.0
2019-07-17 00:00:00-04:00,68.01,68.33,67.7,67.98,9848999,0.0,0.0
2019-07-18 00:00:00-04:00,68.39,68.84,67.72,68.62,8472661,0.0,0.0
2019-07-19 00:00:00-04:00,68.63,68.73,67.34,67.54,12053782,0.0,0.0
2019-07-22 00:00:00-04:00,67.78,67.9,67.26,67.39,7261697,0.0,0.0
2019-07-23 00:00:00-04:00,67.62,68.4,67.13,68.07,7420469,0.0,0.0
2019-07-24 00:00:00-04:00,68.05,68.31,67.32,67.84,7720197,0.0,0.0
2019-07-25 00:00:00-04:00,67.59,68.93,67.26,67.84,9670106,0.0,0.0
2019-07-26 00:00:00-04:00,67.7,67.74,67.14,67.58,7638977,0.0,0.0
2019-07-29 00:00:00-04:00,68.13,68.71,67.72,68.45,11123682,0.0,0.0
2019-07-30 00:00:00-04:00,69.7,70.68,68.73,69.1,14286965,0.0,0.0
2019-07-31 00:00:00-04:00,68.79,70.25,68.75,68.87,12443428,0.0,0.0
2019-08-01 00:00:00-04:00,68.93,70.12,68.58,69.45,10550006,0.0,0.0
2019-08-02 00:00:00-04:00,69.61,70.35,69.33,70.1,10913767,0.0,0.0
2019-08-05 00:00:00-04:00,69.58,69.99,68.18,68.98,11885578,0.0,0.0
2019-08-06 00:00:00-04:00,68.98,70.11,68.96,70.0,11025274,0.0,0.0
2019-08-07 00:00:00-04:00,69.88,70.28,68.71,69.92,11509660,0.0,0.0
2019-08-08 00:00:00-04:00,70.33,70.58,69.97,70.31,8699762,0.0,0.0
2019-08-09 00:00:00-04:00,70.62,71.46,70.3,70.97,8968260,0.0,0.0
2019-08-12 00:00:00-04:00,70.73,71.31,70.14,70.55,8761909,0.0,0.0
2019-08-13 00:00:00-04:00,70.92,72.02,70.92,71.43,8413658,0.0,0.0
2019-08-14 00:00:00-04:00,70.84,71.23,69.17,69.21,11411148,0.0,0.0
2019-08-15 00:00:00-04:00,69.31,69.58,68.79,69.26,9543612,0.0,0.0
2019-08-16 00:00:00-04:00,70.08,70.84,69.83,70.59,9156271,0.0,0.0
2019-08-19 00:00:00-04:00,71.03,71.81,70.91,71.53,7655221,0.0,0.0
2019-08-20 00:00:00-04:00,71.38,71.97,71.02,71.08,6176598,0.0,0.0
2019-08-21 00:00:00-04:00,71.61,72.4,71.48,72.12,6486072,0.0,0.0
2019-08-22 00:00:00-04:00,71.99,72.36,71.57,71.96,6588776,0.0,0.0
2019-08-23 00:00:00-04:00,71.55,72.15,70.11,70.49,10608694,0.0,0.0
2019-08-26 00:00:00-04:00,70.85,71.28,70.6,71.27,6041825,0.0,0.0
2019-08-27 00:00:00-04:00,71.72,72.13,70.91,70.97,6527049,0.0,0.0
2019-08-28 00:00:00-04:00,70.75,71.84,70.57,71.77,6159934,0.0,0.0
2019-08-29 00:00:00-04:00,72.26,72.49,71.52,71.96,6321012,0.0,0.0
2019-08-30 00:00:00-04:00,72.3,72.38,71.51,71.76,6795127,0.0,0.0
2019-09-03 00:00:00-04:00,71.57,72.21,71.4,71.91,6695882,0.0,0.0
2019-09-04 00:00:00-04:00,72.31,72.34,70.89,71.41,7868070,0.0,0.0
2019-09-05 00:00:00-04:00,71.9,71.92,70.95,71.45,7524954,0.0,0.0
2019-09-06 00:00:00-04:00,71.82,72.14,71.62,71.84,7047695,0.0,0.0
2019-09-09 00:00:00-04:00,71.78,71.8,68.81,69.27,12040786,0.0,0.0
2019-09-10 00:00:00-04:00,68.37,68.37,65.43,67.79,18087432,0.0,0.0
2019-09-11 00:00:00-04:00,67.93,68.97,67.73,68.81,10602197,0.0,0.0
2019-09-12 00:00:00-04:00,69.28,69.77,68.7,69.14,8416698,0.0,0.0
2019-09-13 00:00:00-04:00,69.31,69.81,68.6,69.01,7521496,0.52,0.0
2019-09-16 00:00:00-04:00,68.88,68.88,68.24,68.53,6191270,0.0,0.0
2019-09-17 00:00:00-04:00,68.61,69.75,68.61,68.93,7375405,0.0,0.0
2019-09-18 00:00:00-04:00,69.06,69.57,68.82,69.35,6943734,0.0,0.0
2019-09-19 00:00:00-04:00,69.35,70.42,69.24,70.15,6922774,0.0,0.0
2019-09-20 00:00:00-04:00,70.79,71.73,70.44,71.14,23631247,0.0,0.0
2019-09-23 00:00:00-04:00,70.93,71.19,70.46,70.47,8909572,0.0,0.0
2019-09-24 00:00:00-04:00,70.63,70.91,69.66,69.84,9377085,0.0,0.0
2019-09-25 00:00:00-04:00,69.73,70.2,69.29,69.42,7290936,0.0,0.0
2019-09-26 00:00:00-04:00,69.85,70.25,69.37,70.07,8104918,0.0,0.0
2019-09-27 00:00:00-04:00,70.07,70.16,68.98,69.26,7827093,0.0,0.0
2019-09-30 00:00:00-04:00,69.51,71.09,69.51,70.32,9806974,0.0,0.0
2019-10-01 00:00:00-04:00,70.32,70.67,69.79,69.85,7050001,0.0,0.0
2019-10-02 00:00:00-04:00,69.39,69.51,67.28,68.18,8762433,0.0,0.0
2019-10-03 00:00:00-04:00,68.44,69.24,68.19,69.12,5790095,0.0,0.0
2019-10-04 00:00:00-04:00,69.69,71.11,69.47,71.01,7504518,0.0,0.0
2019-10-07 00:00:00-04:00,71.03,71.1,70.13,70.5,5086154,0.0,0.0
2019-10-08 00:00:00-04:00,70.0,70.51,69.4,69.58,6416694,0.0,0.0
2019-10-09 00:00:00-04:00,70.31,70.58,69.78,70.32,4660875,0.0,0.0
2019-10-10 00:00:00-04:00,70.29,70.88,69.83,69.97,8580290,0.0,0.0
2019-10-11 00:00:00-04:00,70.42,71.37,70.39,70.46,6229626,0.0,0.0
2019-10-14 00:00:00-04:00,70.48,71.1,70.41,70.75,5513214,0.0,0.0
2019-10-15 00:00:00-04:00,70.92,71.09,70.66,71.04,5205102,0.0,0.0
2019-10-16 00:00:00-04:00,71.06,71.08,70.52,70.55,5686134,0.0,0.0
2019-10-17 00:00:00-04:00,70.52,70.71,69.95,70.0,7178486,0.0,0.0
2019-10-18 00:00:00-04:00,69.93,70.93,69.89,70.74,7883056,0.0,0.0
2019-10-21 00:00:00-04:00,70.98,71.06,70.24,70.61,5352136,0.0,0.0
2019-10-22 00:00:00-04:00,68.5,69.07,67.04,67.92,18629038,0.0,0.0
2019-10-23 00:00:00-04:00,67.91,69.23,67.8,69.23,8511961,0.0,0.0
2019-10-24 00:00:00-04:00,69.43,69.87,68.53,68.98,5232769,0.0,0.0
2019-10-25 00:00:00-04:00,68.73,69.21,68.53,68.72,7868384,0.0,0.0
2019-10-28 00:00:00-04:00,69.11,69.73,67.11,68.67,15557665,0.0,0.0
2019-10-29 00:00:00-04:00,70.21,71.65,69.09,71.09,17371019,0.0,0.0
2019-10-30 00:00:00-04:00,71.01,72.25,70.44,72.03,10026845,0.0,0.0
2019-10-31 00:00:00-04:00,71.93,72.67,71.43,72.39,12419429,0.0,0.0
2019-11-01 00:00:00-04:00,72.74,72.88,70.83,70.96,9281298,0.0,0.0
2019-11-04 00:00:00-05:00,71.5,71.59,70.07,70.09,8947195,0.0,0.0
2019-11-05 00:00:00-05:00,69.9,69.96,69.11,69.27,9937974,0.0,0.0
2019-11-06 00:00:00-05:00,69.8,70.14,69.44,69.54,9735606,0.0,0.0
2019-11-07 00:00:00-05:00,69.53,70.16,69.06,69.24,9251325,0.0,0.0
2019-11-08 00:00:00-05:00,69.26,69.93,69.09,69.83,6653123,0.0,0.0
2019-11-11 00:00:00-05:00,69.47,69.87,69.3,69.57,3725221,0.0,0.0
2019-11-12 00:00:00-05:00,69.82,70.86,69.82,70.27,8616656,0.0,0.0
2019-11-13 00:00:00-05:00,70.63,71.1,70.26,70.86,6516883,0.0,0.0
2019-11-14 00:00:00-05:00,70.94,71.16,69.92,70.63,7911247,0.0,0.0
2019-11-15 00:00:00-05:00,70.75,71.51,70.71,70.92,9675870,0.0,0.0
2019-11-18 00:00:00-05:00,70.72,70.86,70.05,70.28,10701757,0.0,0.0
2019-11-19 00:00:00-05:00,70.51,70.96,70.15,70.71,9691380,0.0,0.0
2019-11-20 00:00:00-05:00,70.61,71.41,70.55,71.23,8160147,0.0,0.0
2019-11-21 00:00:00-05:00,71.59,71.65,70.4,71.39,7195568,0.0,0.0
2019-11-22 00:00:00-05:00,71.55,72.14,71.27,71.38,7800159,0.0,0.0
2019-11-25 00:00:00-05:00,71.88,72.33,71.29,71.59,9021289,0.0,0.0
2019-11-26 00:00:00-05:00,71.84,73.04,71.77,72.96,19233420,0.0,0.0
2019-11-27 00:00:00-05:00,73.01,73.4,72.67,73.19,6037318,0.0,0.0
2019-11-29 00:00:00-05:00,72.82,73.32,72.7,72.83,4880222,0.0,0.0
2019-12-02 00:00:00-05:00,73.13,73.5,72.3,72.71,5597997,0.0,0.0
2019-12-03 00:00:00-05:00,72.41,73.07,72.26,72.99,7466162,0.0,0.0
2019-12-04 00:00:00-05:00,73.12,74.12,72.83,74.07,7293766,0.0,0.0
2019-12-05 00:00:00-05:00,74.12,74.17,73.49,74.14,8267462,0.0,0.0
2019-12-06 00:00:00-05:00,74.35,74.55,74.14,74.22,7245872,0.0,0.0
2019-12-09 00:00:00-05:00,74.26,74.35,73.68,74.11,8054823,0.0,0.0
2019-12-10 00:00:00-05:00,74.01,74.79,73.94,74.43,8663711,0.0,0.0
2019-12-11 00:00:00-05:00,74.46,74.76,74.22,74.33,6821746,0.0,0.0
2019-12-12 00:00:00-05:00,74.38,75.15,74.27,74.82,6863876,0.0,0.0
2019-12-13 00:00:00-05:00,75.03,75.35,74.39,75.02,7571800,0.58,0.0
2019-12-16 00:00:00-05:00,75.4,75.7,75.01,75.1,10355183,0.0,0.0
2019-12-17 00:00:00-05:00,75.14,75.24,74.45,74.87,11690545,0.0,0.0
2019-12-18 00:00:00-05:00,75.15,75.7,74.97,75.38,11578199,0.0,0.0
2019-12-19 00:00:00-05:00,75.61,75.77,75.27,75.69,7602716,0.0,0.0
2019-12-20 00:00:00-05:00,76.93,77.92,76.41,77.03,17849641,0.0,0.0
2019-12-23 00:00:00-05:00,77.24,77.4,76.91,77.16,7895946,0.0,0.0
2019-12-24 00:00:00-05:00,77.08,77.15,76.6,76.91,2343223,0.0,0.0
2019-12-26 00:00:00-05:00,77.04,77.15,76.6,76.83,3062675,0.0,0.0
2019-12-27 00:00:00-05:00,77.11,77.13,76.77,76.96,3758966,0.0,0.0
2019-12-30 00:00:00-05:00,76.99,77.12,76.31,76.57,3932934,0.0,0.0
2019-12-31 00:00:00-05:00,76.47,76.53,76.07,76.5,4710760,0.0,0.0
2020-01-02 00:00:00-05:00,76.61,77.5,76.01,77.41,8251428,0.0,0.0
2020-01-03 00:00:00-05:00,76.27,77.44,76.13,76.75,5903698,0.0,0.0
2020-01-06 00:00:00-05:00,76.73,77.16,76.53,77.08,7522963,0.0,0.0
2020-01-07 00:00:00-05:00,76.37,76.64,74.96,75.03,11132275,0.0,0.0
2020-01-08 00:00:00-05:00,74.93,75.28,74.36,74.52,15200506,0.0,0.0
2020-01-09 00:00:00-05:00,74.82,75.74,74.67,75.18,9714750,0.0,0.0
2020-01-10 00:00:00-05:00,75.46,75.79,75.24,75.3,5945304,0.0,0.0
2020-01-13 00:00:00-05:00,75.3,75.39,74.87,75.29,10261492,0.0,0.0
2020-01-14 00:00:00-05:00,75.08,75.64,74.75,75.64,8625669,0.0,0.0
2020-01-15 00:00:00-05:00,75.78,77.05,75.77,76.99,9614038,0.0,0.0
2020-01-16 00:00:00-05:00,77.26,77.43,76.58,76.69,7252474,0.0,0.0
2020-01-17 00:00:00-05:00,76.78,77.07,76.42,76.51,10131226,0.0,0.0
2020-01-21 00:00:00-05:00,76.3,76.51,75.45,75.67,10022129,0.0,0.0
2020-01-22 00:00:00-05:00,75.84,76.09,75.38,75.4,7800474,0.0,0.0
2020-01-23 00:00:00-05:00,75.41,75.41,74.24,74.49,13198093,0.0,0.0
2020-01-24 00:00:00-05:00,74.55,74.71,71.98,72.32,14954960,0.0,0.0
2020-01-27 00:00:00-05:00,71.58,72.76,71.25,72.42,10847534,0.0,0.0
2020-01-28 00:00:00-05:00,72.7,72.93,72.25,72.54,9496347,0.0,0.0
2020-01-29 00:00:00-05:00,72.84,74.15,72.7,73.38,8511227,0.0,0.0
2020-01-30 00:00:00-05:00,73.13,73.28,72.5,72.75,11016471,0.0,0.0
2020-01-31 00:00:00-05:00,72.65,72.9,71.49,71.86,9621583,0.0,0.0
2020-02-03 00:00:00-05:00,72.37,74.2,72.37,73.46,9729318,0.0,0.0
2020-02-04 00:00:00-05:00,74.38,75.03,74.07,74.32,15091305,0.0,0.0
2020-02-05 00:00:00-05:00,71.22,72.96,70.65,72.19,29290133,0.0,0.0
2020-02-06 00:00:00-05:00,72.35,72.53,71.71,72.07,16110170,0.0,0.0
2020-02-07 00:00:00-05:00,72.24,72.28,71.35,71.56,11419427,0.0,0.0
2020-02-10 00:00:00-05:00,71.56,72.32,71.44,72.05,10590983,0.0,0.0
2020-02-11 00:00:00-05:00,72.22,72.33,71.45,71.7,10252689,0.0,0.0
2020-02-12 00:00:00-05:00,71.53,71.69,69.73,70.02,19630926,0.0,0.0
2020-02-13 00:00:00-05:00,69.75,69.75,68.51,68.94,19388734,0.0,0.0
2020-02-14 00:00:00-05:00,69.16,69.64,68.69,69.52,8743464,0.0,0.0
2020-02-18 00:00:00-05:00,69.71,69.9,69.19,69.36,10017308,0.0,0.0
2020-02-19 00:00:00-05:00,69.88,69.9,68.61,68.97,11740220,0.0,0.0
2020-02-20 00:00:00-05:00,69.16,69.67,68.73,69.38,10941330,0.0,0.0
2020-02-21 00:00:00-05:00,69.13,69.5,68.73,69.26,9295970,0.0,0.0
2020-02-24 00:00:00-05:00,67.8,69.47,67.77,68.41,13734145,0.0,0.0
2020-02-25 00:00:00-05:00,68.57,68.92,67.16,67.51,13171683,0.0,0.0
2020-02-26 00:00:00-05:00,67.84,68.66,67.09,67.24,11940283,0.0,0.0
2020-02-27 00:00:00-05:00,67.88,68.76,65.61,65.67,15734253,0.0,0.0
2020-02-28 00:00:00-05:00,64.5,65.18,62.39,64.39,29246117,0.0,0.0
2020-03-02 00:00:00-05:00,64.87,68.59,64.83,68.44,18840525,0.0,0.0
2020-03-03 00:00:00-05:00,68.47,69.31,65.53,66.56,17394599,0.0,0.0
2020-03-04 00:00:00-05:00,68.55,69.87,67.19,69.79,20224199,0.0,0.0
2020-03-05 00:00:00-05:00,68.57,69.62,68.08,68.62,15017840,0.0,0.0
2020-03-06 00:00:00-05:00,67.26,69.49,66.81,69.14,14208574,0.0,0.0
2020-03-09 00:00:00-04:00,65.61,67.89,64.76,66.41,18942810,0.0,0.0
2020-03-10 00:00:00-04:00,67.69,69.12,65.19,68.99,17527486,0.0,0.0
2020-03-11 00:00:00-04:00,67.14,67.42,65.63,66.66,14274179,0.0,0.0
2020-03-12 00:00:00-04:00,62.58,65.66,61.62,62.62,22664782,0.0,0.0
2020-03-13 00:00:00-04:00,64.64,65.49,61.28,65.09,25857094,0.58,0.0
2020-03-16 00:00:00-04:00,60.02,64.53,56.92,59.3,20808354,0.0,0.0
2020-03-17 00:00:00-04:00,60.76,64.51,60.53,63.16,24745795,0.0,0.0
2020-03-18 00:00:00-04:00,60.59,63.32,58.37,60.75,18558508,0.0,0.0
2020-03-19 00:00:00-04:00,60.51,61.79,58.44,59.98,19268738,0.0,0.0
2020-03-20 00:00:00-04:00,58.98,61.48,58.09,60.52,23075912,0.0,0.0
2020-03-23 00:00:00-04:00,59.59,60.73,55.33,56.31,18375003,0.0,0.0
2020-03-24 00:00:00-04:00,58.51,59.15,56.98,58.56,19901939,0.0,0.0
2020-03-25 00:00:00-04:00,58.01,59.69,56.61,57.85,18311494,0.0,0.0
2020-03-26 00:00:00-04:00,57.79,62.91,57.75,62.36,18052848,0.0,0.0
2020-03-27 00:00:00-04:00,60.89,62.27,60.42,60.83,12467218,0.0,0.0
2020-03-30 00:00:00-04:00,62.43,65.8,61.81,65.26,15803316,0.0,0.0
2020-03-31 00:00:00-04:00,64.66,65.81,64.04,65.25,15079672,0.0,0.0
2020-04-01 00:00:00-04:00,63.32,64.0,61.9,62.59,11665288,0.0,0.0
2020-04-02 00:00:00-04:00,64.43,65.4,62.78,65.19,12843345,0.0,0.0
2020-04-03 00:00:00-04:00,64.69,65.67,63.87,64.66,10039211,0.0,0.0
2020-04-06 00:00:00-04:00,66.43,68.56,66.06,68.11,14314108,0.0,0.0
2020-04-07 00:00:00-04:00,69.27,69.51,66.49,66.62,10657950,0.0,0.0
2020-04-08 00:00:00-04:00,67.15,70.39,66.44,69.22,11481888,0.0,0.0
2020-04-09 00:00:00-04:00,68.84,70.63,68.0,69.96,13876568,0.0,0.0
2020-04-13 00:00:00-04:00,69.39,69.94,67.7,68.3,7706678,0.0,0.0
2020-04-14 00:00:00-04:00,69.82,70.56,68.46,70.25,12155333,0.0,0.0
2020-04-15 00:00:00-04:00,68.89,70.35,68.32,69.6,10809072,0.0,0.0
2020-04-16 00:00:00-04:00,70.09,70.67,69.76,70.39,9145058,0.0,0.0
2020-04-17 00:00:00-04:00,71.19,71.37,69.91,70.78,15433162,0.0,0.0
2020-04-20 00:00:00-04:00,70.24,71.35,68.49,70.47,11675768,0.0,0.0
2020-04-21 00:00:00-04:00,69.22,69.79,66.33,66.62,17876574,0.0,0.0
2020-04-22 00:00:00-04:00,67.17,68.39,66.85,67.83,11933890,0.0,0.0
2020-04-23 00:00:00-04:00,68.0,69.44,67.99,68.59,8152497,0.0,0.0
2020-04-24 00:00:00-04:00,69.2,69.62,68.71,69.06,7686451,0.0,0.0
2020-04-27 00:00:00-04:00,68.89,71.8,68.55,71.22,12786753,0.0,0.0
2020-04-28 00:00:00-04:00,68.84,69.73,67.99,68.84,20273560,0.0,0.0
2020-04-29 00:00:00-04:00,69.7,69.7,67.02,68.5,13687194,0.0,0.0
2020-04-30 00:00:00-04:00,67.69,68.18,67.11,67.28,11638878,0.0,0.0
2020-05-01 00:00:00-04:00,66.88,66.88,65.24,65.87,9518565,0.0,0.0
2020-05-04 00:00:00-04:00,66.16,66.17,64.64,65.18,8850255,0.0,0.0
2020-05-05 00:00:00-04:00,65.51,66.83,65.1,66.16,7401395,0.0,0.0
2020-05-06 00:00:00-04:00,66.44,66.69,65.37,65.4,12414922,0.0,0.0
2020-05-07 00:00:00-04:00,65.3,65.4,63.97,64.11,12602410,0.0,0.0
2020-05-08 00:00:00-04:00,64.88,65.27,64.43,64.79,8791672,0.0,0.0
2020-05-11 00:00:00-04:00,64.48,66.21,64.38,66.07,10622528,0.0,0.0
2020-05-12 00:00:00-04:00,66.27,66.74,65.4,65.46,9544660,0.0,0.0
2020-05-13 00:00:00-04:00,65.01,66.83,64.94,66.05,10935146,0.0,0.0
2020-05-14 00:00:00-04:00,65.54,67.95,65.52,67.89,11407585,0.0,0.0
2020-05-15 00:00:00-04:00,67.94,68.31,66.85,67.66,9367234,0.0,0.0
2020-05-18 00:00:00-04:00,68.69,68.69,67.19,67.61,12552630,0.0,0.0
2020-05-19 00:00:00-04:00,67.39,67.61,65.6,65.77,10591822,0.0,0.0
2020-05-20 00:00:00-04:00,66.17,66.35,65.03,65.21,11027685,0.0,0.0
2020-05-21 00:00:00-04:00,65.1,65.32,64.68,64.92,9000329,0.0,0.0
2020-05-22 00:00:00-04:00,64.6,65.01,64.51,64.77,6357482,0.0,0.0
2020-05-26 00:00:00-04:00,66.37,66.66,65.22,65.52,19146017,0.0,0.0
2020-05-27 00:00:00-04:00,65.3,65.84,64.45,65.77,12828987,0.0,0.0
2020-05-28 00:00:00-04:00,66.66,68.09,66.58,67.03,13180906,0.0,0.0
2020-05-29 00:00:00-04:00,67.39,68.64,66.41,68.45,13517104,0.0,0.0
2020-06-01 00:00:00-04:00,68.0,68.23,67.11,67.47,6269241,0.0,0.0
2020-06-02 00:00:00-04:00,67.45,68.57,66.85,68.56,11352984,0.0,0.0
2020-06-03 00:00:00-04:00,68.69,69.84,68.57,69.59,13675457,0.0,0.0
2020-06-04 00:00:00-04:00,68.92,69.68,68.56,69.16,9292930,0.0,0.0
2020-06-05 00:00:00-04:00,69.63,70.5,69.11,69.76,10413347,0.0,0.0
2020-06-08 00:00:00-04:00,68.82,70.56,68.82,70.3,9956838,0.0,0.0
2020-06-09 00:00:00-04:00,70.55,70.82,69.64,69.76,8846168,0.0,0.0
2020-06-10 00:00:00-04:00,69.91,70.2,68.68,69.34,9080920,0.0,0.0
2020-06-11 00:00:00-04:00,68.53,69.25,65.6,65.6,14303838,0.0,0.0
2020-06-12 00:00:00-04:00,66.58,66.61,64.51,65.22,17000656,0.58,0.0
2020-06-15 00:00:00-04:00,64.03,64.43,62.89,63.27,17684162,0.0,0.0
2020-06-16 00:00:00-04:00,64.43,66.17,63.96,65.79,21437050,0.0,0.0
2020-06-17 00:00:00-04:00,66.13,66.2,64.65,65.21,13983045,0.0,0.0
2020-06-18 00:00:00-04:00,64.65,65.2,64.42,65.15,7750903,0.0,0.0
2020-06-19 00:00:00-04:00,65.93,66.66,64.8,66.59,17691393,0.0,0.0
2020-06-22 00:00:00-04:00,66.13,66.36,65.33,65.6,7474231,0.0,0.0
2020-06-23 00:00:00-04:00,66.25,67.2,65.72,65.92,11428650,0.0,0.0
2020-06-24 00:00:00-04:00,65.59,65.72,64.49,64.85,8084901,0.0,0.0
2020-06-25 00:00:00-04:00,64.66,65.78,64.37,65.45,7583328,0.0,0.0
2020-06-26 00:00:00-04:00,65.26,65.59,64.11,64.27,12328882,0.0,0.0
2020-06-29 00:00:00-04:00,64.88,65.4,64.55,65.07,7230990,0.0,0.0
2020-06-30 00:00:00-04:00,65.6,66.38,65.13,66.1,9940804,0.0,0.0
2020-07-01 00:00:00-04:00,66.19,67.48,65.92,66.78,9948769,0.0,0.0
2020-07-02 00:00:00-04:00,67.16,67.79,66.86,67.34,6827825,0.0,0.0
2020-07-06 00:00:00-04:00,67.73,68.4,67.44,68.02,8058282,0.0,0.0
2020-07-07 00:00:00-04:00,67.53,68.11,67.18,67.29,6956414,0.0,0.0
2020-07-08 00:00:00-04:00,67.21,67.49,66.23,66.6,8211394,0.0,0.0
2020-07-09 00:00:00-04:00,66.62,66.97,65.0,65.55,7966058,0.0,0.0
2020-07-10 00:00:00-04:00,65.6,66.12,65.31,65.59,5161400,0.0,0.0
2020-07-13 00:00:00-04:00,65.82,67.17,65.59,66.12,8114245,0.0,0.0
2020-07-14 00:00:00-04:00,66.28,67.19,66.13,66.89,8397100,0.0,0.0
2020-07-15 00:00:00-04:00,67.73,68.36,67.39,67.9,7709717,0.0,0.0
2020-07-16 00:00:00-04:00,68.19,68.22,67.31,67.87,5850774,0.0,0.0
2020-07-17 00:00:00-04:00,68.14,68.6,67.79,68.27,8191378,0.0,0.0
2020-07-20 00:00:00-04:00,68.27,68.55,67.59,67.88,5434194,0.0,0.0
2020-07-21 00:00:00-04:00,68.14,68.49,67.35,67.43,8967526,0.0,0.0
2020-07-22 00:00:00-04:00,67.8,68.18,66.69,67.34,12362103,0.0,0.0
2020-07-23 00:00:00-04:00,67.66,67.7,66.25,66.72,11558916,0.0,0.0
2020-07-24 00:00:00-04:00,66.55,66.66,65.27,65.9,9068763,0.0,0.0
2020-07-27 00:00:00-04:00,65.31,67.65,65.23,67.47,10958307,0.0,0.0
2020-07-28 00:00:00-04:00,67.69,68.56,67.5,68.12,8494564,0.0,0.0
2020-07-29 00:00:00-04:00,67.74,68.16,67.31,67.83,6398040,0.0,0.0
2020-07-30 00:00:00-04:00,67.3,67.77,66.36,67.52,7152600,0.0,0.0
2020-07-31 00:00:00-04:00,69.14,69.82,67.66,68.59,12291154,0.0,0.0
2020-08-03 00:00:00-04:00,70.22,71.63,69.97,70.55,10601463,0.0,0.0
2020-08-04 00:00:00-04:00,70.56,70.56,69.3,69.81,7218729,0.0,0.0
2020-08-05 00:00:00-04:00,70.15,70.49,69.37,69.78,6492465,0.0,0.0
2020-08-06 00:00:00-04:00,69.63,70.43,68.88,69.28,7256562,0.0,0.0
2020-08-07 00:00:00-04:00,69.06,69.25,68.41,69.25,6977584,0.0,0.0
2020-08-10 00:00:00-04:00,69.25,69.42,68.64,69.16,5782445,0.0,0.0
2020-08-11 00:00:00-04:00,69.88,69.98,68.92,69.16,7636671,0.0,0.0
2020-08-12 00:00:00-04:00,69.55,70.87,69.53,70.67,7295652,0.0,0.0
2020-08-13 00:00:00-04:00,70.2,71.49,70.1,71.41,7455262,0.0,0.0
2020-08-14 00:00:00-04:00,71.27,72.17,71.09,71.36,7390496,0.0,0.0
2020-08-17 00:00:00-04:00,72.04,72.81,71.81,72.45,8764319,0.0,0.0
2020-08-18 00:00:00-04:00,72.56,72.67,71.61,72.28,6551572,0.0,0.0
2020-08-19 00:00:00-04:00,72.28,73.26,72.28,72.68,6896050,0.0,0.0
2020-08-20 00:00:00-04:00,72.49,72.92,72.14,72.68,6380434,0.0,0.0
2020-08-21 00:00:00-04:00,72.74,72.81,71.9,72.64,6890495,0.0,0.0
2020-08-24 00:00:00-04:00,72.83,73.06,72.21,73.02,7582280,0.0,0.0
2020-08-25 00:00:00-04:00,73.43,73.76,72.83,73.24,10245982,0.0,0.0
2020-08-26 00:00:00-04:00,72.92,73.24,72.37,73.12,7844175,0.0,0.0
2020-08-27 00:00:00-04:00,73.04,73.65,72.73,73.36,6464902,0.0,0.0
2020-08-28 00:00:00-04:00,73.41,73.41,72.58,73.21,6134049,0.0,0.0
2020-08-31 00:00:00-04:00,73.17,73.45,72.78,72.89,7929273,0.0,0.0
2020-09-01 00:00:00-04:00,72.96,73.34,71.73,72.17,6797433,0.0,0.0
2020-09-02 00:00:00-04:00,72.21,74.55,72.03,74.31,11571597,0.0,0.0
2020-09-03 00:00:00-04:00,74.96,75.05,72.61,73.08,12983672,0.0,0.0
2020-09-04 00:00:00-04:00,73.13,74.27,72.02,72.86,9359688,0.0,0.0
2020-09-08 00:00:00-04:00,73.46,73.46,70.95,71.23,9095592,0.0,0.0
2020-09-09 00:00:00-04:00,71.61,73.36,71.51,72.55,8862307,0.0,0.0
2020-09-10 00:00:00-04:00,72.43,72.55,71.19,71.43,6907578,0.0,0.0
2020-09-11 00:00:00-04:00,71.67,72.55,71.61,72.21,7171254,0.0,0.0
2020-09-14 00:00:00-04:00,72.5,73.27,72.09,72.46,8575994,0.58,0.0
2020-09-15 00:00:00-04:00,72.95,73.33,72.02,72.51,10826678,0.0,0.0
2020-09-16 00:00:00-04:00,72.75,74.13,72.75,73.68,10380230,0.0,0.0
2020-09-17 00:00:00-04:00,73.51,73.85,72.71,73.74,8090455,0.0,0.0
2020-09-18 00:00:00-04:00,73.68,74.3,73.13,73.88,12308446,0.0,0.0
2020-09-21 00:00:00-04:00,73.12,73.48,70.68,71.58,10445311,0.0,0.0
2020-09-22 00:00:00-04:00,71.55,71.95,70.77,71.41,8143170,0.0,0.0
2020-09-23 00:00:00-04:00,71.54,72.17,71.1,71.14,7085842,0.0,0.0
2020-09-24 00:00:00-04:00,70.69,71.88,70.47,71.59,7844280,0.0,0.0
2020-09-25 00:00:00-04:00,70.73,71.67,70.43,71.4,6932101,0.0,0.0
2020-09-28 00:00:00-04:00,71.64,72.07,71.08,71.26,6123674,0.0,0.0
2020-09-29 00:00:00-04:00,71.19,71.59,70.34,70.52,6742413,0.0,0.0
2020-09-30 00:00:00-04:00,70.83,71.74,70.62,71.42,11593605,0.0,0.0
2020-10-01 00:00:00-04:00,71.62,71.76,69.96,70.29,8410305,0.0,0.0
2020-10-02 00:00:00-04:00,69.57,70.38,69.27,69.57,5255406,0.0,0.0
2020-10-05 00:00:00-04:00,69.94,70.21,69.41,69.95,8807182,0.0,0.0
2020-10-06 00:00:00-04:00,69.85,69.86,68.47,68.56,10273230,0.0,0.0
2020-10-07 00:00:00-04:00,68.96,69.18,68.46,68.91,9845226,0.0,0.0
2020-10-08 00:00:00-04:00,69.22,70.46,69.02,69.29,9217160,0.0,0.0
2020-10-09 00:00:00-04:00,69.64,69.81,68.92,69.19,5956098,0.0,0.0
2020-10-12 00:00:00-04:00,69.32,69.5,68.8,69.19,8276370,0.0,0.0
2020-10-13 00:00:00-04:00,69.14,69.68,68.91,69.49,9125774,0.0,0.0
2020-10-14 00:00:00-04:00,69.61,69.68,68.94,69.32,9166122,0.0,0.0
2020-10-15 00:00:00-04:00,68.71,68.83,67.83,68.07,9151974,0.0,0.0
2020-10-16 00:00:00-04:00,68.28,69.14,68.11,68.73,7903492,0.0,0.0
2020-10-19 00:00:00-04:00,68.98,69.3,67.44,67.74,8614455,0.0,0.0
2020-10-20 00:00:00-04:00,67.99,67.99,67.23,67.39,11144746,0.0,0.0
2020-10-21 00:00:00-04:00,67.38,67.89,67.18,67.22,9689808,0.0,0.0
2020-10-22 00:00:00-04:00,67.24,68.41,67.24,68.2,6075990,0.0,0.0
2020-10-23 00:00:00-04:00,68.24,69.41,68.24,68.73,7309381,0.0,0.0
2020-10-26 00:00:00-04:00,68.3,68.71,67.38,67.88,9122840,0.0,0.0
2020-10-27 00:00:00-04:00,67.96,69.08,67.15,67.15,12241374,0.0,0.0
2020-10-28 00:00:00-04:00,66.41,66.93,65.45,65.59,8989954,0.0,0.0
2020-10-29 00:00:00-04:00,65.58,65.94,64.29,65.34,9314310,0.0,0.0
2020-10-30 00:00:00-04:00,64.9,65.34,63.66,64.76,11096748,0.0,0.0
2020-11-02 00:00:00-05:00,65.82,66.18,65.13,66.05,8145475,0.0,0.0
2020-11-03 00:00:00-05:00,66.7,67.36,66.09,66.23,7693578,0.0,0.0
2020-11-04 00:00:00-05:00,68.83,71.37,68.48,69.41,14731422,0.0,0.0
2020-11-05 00:00:00-05:00,70.65,71.38,69.26,69.28,9277210,0.0,0.0
2020-11-06 00:00:00-05:00,68.41,69.86,68.41,69.19,6945515,0.0,0.0
2020-11-09 00:00:00-05:00,73.0,73.33,69.18,69.31,11184046,0.0,0.0
2020-11-10 00:00:00-05:00,70.41,70.63,69.75,69.84,8593914,0.0,0.0
2020-11-11 00:00:00-05:00,70.49,70.49,69.39,69.79,5741678,0.0,0.0
2020-11-12 00:00:00-05:00,69.35,69.74,68.05,68.76,7464799,0.0,0.0
2020-11-13 00:00:00-05:00,69.09,70.47,68.64,69.82,7694206,0.0,0.0
2020-11-16 00:00:00-05:00,69.94,70.51,68.62,69.04,9503474,0.0,0.0
2020-11-17 00:00:00-05:00,69.79,70.57,69.23,70.17,9509133,0.0,0.0
2020-11-18 00:00:00-05:00,70.11,70.58,69.08,69.1,8678174,0.0,0.0
2020-11-19 00:00:00-05:00,69.54,69.54,68.3,69.22,7037110,0.0,0.0
2020-11-20 00:00:00-05:00,69.28,69.58,68.65,69.27,8415440,0.0,0.0
2020-11-23 00:00:00-05:00,69.41,69.88,68.35,69.12,9498548,0.0,0.0
2020-11-24 00:00:00-05:00,68.9,69.65,68.6,69.0,12790840,0.0,0.0
2020-11-25 00:00:00-05:00,69.0,69.28,68.54,68.93,6023590,0.0,0.0
2020-11-27 00:00:00-05:00,69.14,69.47,68.5,68.76,5644528,0.0,0.0
2020-11-30 00:00:00-05:00,68.88,69.35,68.37,69.22,14501910,0.0,0.0
2020-12-01 00:00:00-05:00,69.7,71.0,69.59,70.21,10166543,0.0,0.0
2020-12-02 00:00:00-05:00,70.55,71.24,69.99,70.46,7165805,0.0,0.0
2020-12-03 00:00:00-05:00,70.55,70.58,69.59,70.13,7085109,0.0,0.0
2020-12-04 00:00:00-05:00,69.86,70.57,69.84,70.55,8651554,0.0,0.0
2020-12-07 00:00:00-05:00,70.65,71.87,70.65,71.04,8829190,0.0,0.0
2020-12-08 00:00:00-05:00,70.85,72.1,70.83,71.62,8664969,0.0,0.0
2020-12-09 00:00:00-05:00,72.17,72.22,71.07,71.87,7168320,0.0,0.0
2020-12-10 00:00:00-05:00,72.03,72.27,71.22,71.45,7349205,0.0,0.0
2020-12-11 00:00:00-05:00,71.33,71.82,71.05,71.43,7979158,0.0,0.0
2020-12-14 00:00:00-05:00,71.71,72.1,69.46,69.7,13139300,0.62,0.0
2020-12-15 00:00:00-05:00,69.86,70.33,69.42,69.84,10087838,0.0,0.0
2020-12-16 00:00:00-05:00,69.67,70.08,69.12,69.28,9487649,0.0,0.0
2020-12-17 00:00:00-05:00,69.76,69.91,69.15,69.27,11710038,0.0,0.0
2020-12-18 00:00:00-05:00,69.17,69.58,68.08,69.02,33161759,0.0,0.0
2020-12-21 00:00:00-05:00,68.38,68.84,67.46,68.81,11140764,0.0,0.0
2020-12-22 00:00:00-05:00,68.55,69.42,67.9,68.92,9052414,0.0,0.0
2020-12-23 00:00:00-05:00,69.07,69.8,69.05,69.22,6056078,0.0,0.0
2020-12-24 00:00:00-05:00,69.42,69.8,69.31,69.55,2957456,0.0,0.0
2020-12-28 00:00:00-05:00,69.99,70.41,69.54,69.81,4804242,0.0,0.0
2020-12-29 00:00:00-05:00,70.12,70.8,70.08,70.66,5708037,0.0,0.0
2020-12-30 00:00:00-05:00,70.86,70.93,69.89,69.94,5933357,0.0,0.0
2020-12-31 00:00:00-05:00,69.98,71.11,69.75,70.99,5511118,0.0,0.0
2021-01-04 00:00:00-05:00,71.16,71.24,69.32,70.26,10502637,0.0,0.0
2021-01-05 00:00:00-05:00,70.01,70.64,69.35,70.38,10956526,0.0,0.0
2021-01-06 00:00:00-05:00,69.93,71.8,69.69,71.49,10521396,0.0,0.0
2021-01-07 00:00:00-05:00,71.64,73.22,71.22,72.91,10447931,0.0,0.0
2021-01-08 00:00:00-05:00,73.22,73.22,71.64,72.05,9563105,0.0,0.0
2021-01-11 00:00:00-05:00,72.46,74.28,72.24,73.76,13488179,0.0,0.0
2021-01-12 00:00:00-05:00,73.87,73.88,71.64,72.11,10128606,0.0,0.0
2021-01-13 00:00:00-05:00,72.35,72.35,71.35,71.45,10093812,0.0,0.0
2021-01-14 00:00:00-05:00,71.52,71.85,71.06,71.31,11366398,0.0,0.0
2021-01-15 00:00:00-05:00,71.02,72.46,70.78,72.36,10203538,0.0,0.0
2021-01-19 00:00:00-05:00,72.52,72.81,71.73,72.19,8467316,0.0,0.0
2021-01-20 00:00:00-05:00,72.24,72.5,71.39,71.56,11097901,0.0,0.0
2021-01-21 00:00:00-05:00,70.99,71.42,70.26,70.45,9043716,0.0,0.0
2021-01-22 00:00:00-05:00,70.2,70.67,70.08,70.27,9436926,0.0,0.0
2021-01-25 00:00:00-05:00,70.04,70.46,69.48,70.42,9957677,0.0,0.0
2021-01-26 00:00:00-05:00,70.42,70.42,69.54,69.64,7748283,0.0,0.0
2021-01-27 00:00:00-05:00,69.3,69.48,66.68,66.88,16230376,0.0,0.0
2021-01-28 00:00:00-05:00,66.89,68.13,66.88,67.62,12972039,0.0,0.0
2021-01-29 00:00:00-05:00,67.68,68.01,66.29,66.88,10671470,0.0,0.0
2021-02-01 00:00:00-05:00,67.68,67.98,67.12,67.13,8224599,0.0,0.0
2021-02-02 00:00:00-05:00,67.51,68.49,67.43,67.49,9866710,0.0,0.0
2021-02-03 00:00:00-05:00,67.38,67.82,66.95,67.1,10034810,0.0,0.0
2021-02-04 00:00:00-05:00,66.79,66.83,65.55,65.98,18867563,0.0,0.0
2021-02-05 00:00:00-05:00,66.33,66.8,65.44,65.78,13901825,0.0,0.0
2021-02-08 00:00:00-05:00,65.82,66.12,64.79,65.12,16718534,0.0,0.0
2021-02-09 00:00:00-05:00,65.17,65.23,64.53,65.12,13484616,0.0,0.0
2021-02-10 00:00:00-05:00,65.36,65.41,64.69,64.99,11721566,0.0,0.0
2021-02-11 00:00:00-05:00,64.92,65.17,64.42,64.86,8780982,0.0,0.0
2021-02-12 00:00:00-05:00,64.84,65.18,64.69,65.09,6738116,0.0,0.0
2021-02-16 00:00:00-05:00,65.41,65.46,64.26,64.43,9734453,0.0,0.0
2021-02-17 00:00:00-05:00,64.62,66.01,64.54,65.55,13876463,0.0,0.0
2021-02-18 00:00:00-05:00,65.32,65.85,65.12,65.44,10004627,0.0,0.0
2021-02-19 00:00:00-05:00,65.47,65.53,64.44,64.49,12388198,0.0,0.0
2021-02-22 00:00:00-05:00,64.65,65.14,63.98,65.02,8612464,0.0,0.0
2021-02-23 00:00:00-05:00,65.34,65.92,64.62,64.69,10900458,0.0,0.0
2021-02-24 00:00:00-05:00,64.91,65.32,64.56,64.71,9838834,0.0,0.0
2021-02-25 00:00:00-05:00,64.4,65.09,64.29,64.76,10906955,0.0,0.0
2021-02-26 00:00:00-05:00,64.6,64.83,62.95,63.02,17644862,0.0,0.0
2021-03-01 00:00:00-05:00,63.53,63.69,62.64,62.81,12594864,0.0,0.0
2021-03-02 00:00:00-05:00,63.21,63.77,62.83,63.22,16047290,0.0,0.0
2021-03-03 00:00:00-05:00,63.19,63.98,62.85,63.61,13939972,0.0,0.0
2021-03-04 00:00:00-05:00,63.51,63.63,62.24,62.63,15975188,0.0,0.0
2021-03-05 00:00:00-05:00,62.92,63.71,62.49,63.46,12241164,0.0,0.0
2021-03-08 00:00:00-05:00,64.54,65.57,63.7,64.36,15391347,0.0,0.0
2021-03-09 00:00:00-05:00,64.7,65.48,64.33,64.34,14189920,0.0,0.0
2021-03-10 00:00:00-05:00,64.88,65.28,64.3,64.88,12827310,0.0,0.0
2021-03-11 00:00:00-05:00,64.99,65.4,64.73,64.76,13205324,0.0,0.0
2021-03-12 00:00:00-05:00,64.81,65.56,64.77,65.31,11493940,0.62,0.0
2021-03-15 00:00:00-04:00,66.09,67.02,65.73,66.73,17999295,0.0,0.0
2021-03-16 00:00:00-04:00,66.66,67.56,66.66,67.24,15697887,0.0,0.0
2021-03-17 00:00:00-04:00,67.17,67.85,66.51,67.67,17533878,0.0,0.0
2021-03-18 00:00:00-04:00,67.64,68.45,67.59,67.64,14274179,0.0,0.0
2021-03-19 00:00:00-04:00,67.63,68.5,66.55,67.85,58225203,0.0,0.0
2021-03-22 00:00:00-04:00,66.36,68.28,66.13,67.85,11352879,0.0,0.0
2021-03-23 00:00:00-04:00,67.49,67.69,66.56,66.77,11651245,0.0,0.0
2021-03-24 00:00:00-04:00,66.59,67.13,66.45,66.74,9135416,0.0,0.0
2021-03-25 00:00:00-04:00,66.9,67.07,65.93,66.59,10700918,0.0,0.0
2021-03-26 00:00:00-04:00,66.66,67.82,66.4,67.75,10389767,0.0,0.0
2021-03-29 00:00:00-04:00,67.69,68.76,67.56,68.55,11448562,0.0,0.0
2021-03-30 00:00:00-04:00,68.28,68.35,67.22,67.37,10123366,0.0,0.0
2021-03-31 00:00:00-04:00,67.5,68.01,67.09,67.49,13598219,0.0,0.0
2021-04-01 00:00:00-04:00,67.55,67.81,67.25,67.49,9121373,0.0,0.0
2021-04-05 00:00:00-04:00,67.86,68.2,67.22,67.41,9828144,0.0,0.0
2021-04-06 00:00:00-04:00,67.33,67.36,66.22,66.35,13394698,0.0,0.0
2021-04-07 00:00:00-04:00,66.6,66.88,66.29,66.64,8970566,0.0,0.0
2021-04-08 00:00:00-04:00,66.6,66.88,65.9,66.09,12007984,0.0,0.0
2021-04-09 00:00:00-04:00,66.1,66.87,66.03,66.8,8177439,0.0,0.0
2021-04-12 00:00:00-04:00,66.86,67.06,66.51,66.73,9970672,0.0,0.0
2021-04-13 00:00:00-04:00,66.51,67.2,66.42,66.91,8627346,0.0,0.0
2021-04-14 00:00:00-04:00,66.8,67.22,66.55,66.88,8415545,0.0,0.0
2021-04-15 00:00:00-04:00,66.58,67.7,66.58,67.11,14541734,0.0,0.0
2021-04-16 00:00:00-04:00,67.63,68.06,67.25,67.82,12512806,0.0,0.0
2021-04-19 00:00:00-04:00,68.02,68.1,67.38,67.99,8536903,0.0,0.0
2021-04-20 00:00:00-04:00,68.0,69.28,68.0,68.78,11009345,0.0,0.0
2021-04-21 00:00:00-04:00,69.1,69.59,68.87,69.36,11817248,0.0,0.0
2021-04-22 00:00:00-04:00,69.16,69.21,67.9,68.25,13330560,0.0,0.0
2021-04-23 00:00:00-04:00,68.16,68.46,67.81,68.18,8598840,0.0,0.0
2021-04-26 00:00:00-04:00,68.16,68.2,67.67,67.87,7834219,0.0,0.0
2021-04-27 00:00:00-04:00,67.78,68.23,67.6,67.72,9095802,0.0,0.0
2021-04-28 00:00:00-04:00,67.94,68.31,67.29,67.49,11628398,0.0,0.0
2021-04-29 00:00:00-04:00,66.09,66.3,63.77,64.5,30602753,0.0,0.0
2021-04-30 00:00:00-04:00,64.41,65.73,64.33,65.22,18052114,0.0,0.0
2021-05-03 00:00:00-04:00,65.01,66.55,64.97,66.51,12543302,0.0,0.0
2021-05-04 00:00:00-04:00,66.6,66.94,66.12,66.52,10418587,0.0,0.0
2021-05-05 00:00:00-04:00,66.62,68.05,66.3,68.02,16795143,0.0,0.0
2021-05-06 00:00:00-04:00,67.79,68.16,67.14,68.09,12871641,0.0,0.0
2021-05-07 00:00:00-04:00,68.29,68.86,68.19,68.64,12237496,0.0,0.0
2021-05-10 00:00:00-04:00,69.0,69.32,68.42,68.43,10939758,0.0,0.0
2021-05-11 00:00:00-04:00,68.13,68.86,67.54,67.81,12148102,0.0,0.0
2021-05-12 00:00:00-04:00,68.03,68.75,67.67,68.28,13379711,0.0,0.0
2021-05-13 00:00:00-04:00,68.19,69.15,67.97,68.89,10830451,0.0,0.0
2021-05-14 00:00:00-04:00,69.21,69.29,68.48,68.54,8273122,0.0,0.0
2021-05-17 00:00:00-04:00,68.87,70.18,68.8,69.92,12532508,0.0,0.0
2021-05-18 00:00:00-04:00,69.46,69.86,69.06,69.49,7943106,0.0,0.0
2021-05-19 00:00:00-04:00,69.1,69.51,68.24,69.47,9132796,0.0,0.0
2021-05-20 00:00:00-04:00,69.1,70.03,69.07,69.74,7345222,0.0,0.0
2021-05-21 00:00:00-04:00,69.97,70.33,69.23,69.32,10863987,0.0,0.0
2021-05-24 00:00:00-04:00,69.62,69.73,69.12,69.19,8737910,0.0,0.0
2021-05-25 00:00:00-04:00,69.16,69.38,67.81,67.85,14331714,0.0,0.0
2021-05-26 00:00:00-04:00,67.89,68.08,67.38,67.61,9686454,0.0,0.0
2021-05-27 00:00:00-04:00,67.85,67.93,66.43,66.46,17675149,0.0,0.0
2021-05-28 00:00:00-04:00,66.55,66.88,66.36,66.44,13969735,0.0,0.0
2021-06-01 00:00:00-04:00,66.59,66.66,65.68,65.81,15798914,0.0,0.0
2021-06-02 00:00:00-04:00,65.93,66.61,65.89,66.42,11830453,0.0,0.0
2021-06-03 00:00:00-04:00,67.18,67.89,66.88,67.81,15974400,0.0,1.05
2021-06-04 00:00:00-04:00,68.07,68.33,67.8,67.99,12728500,0.0,0.0
2021-06-07 00:00:00-04:00,68.02,68.07,66.77,66.79,16794400,0.0,0.0
2021-06-08 00:00:00-04:00,66.93,67.13,66.13,66.42,13657700,0.0,0.0
2021-06-09 00:00:00-04:00,66.97,68.17,66.93,67.93,12258700,0.0,0.0
2021-06-10 00:00:00-04:00,69.02,70.16,68.57,69.85,17236700,0.0,0.0
2021-06-11 00:00:00-04:00,70.38,70.52,69.37,69.97,13928400,0.0,0.0
2021-06-14 00:00:00-04:00,70.08,70.14,69.29,69.82,7841400,0.65,0.0
2021-06-15 00:00:00-04:00,69.86,70.11,69.14,70.05,14185700,0.0,0.0
2021-06-16 00:00:00-04:00,70.53,71.76,70.5,70.89,17576900,0.0,0.0
2021-06-17 00:00:00-04:00,70.64,71.69,70.32,71.46,14233200,0.0,0.0
2021-06-18 00:00:00-04:00,71.01,71.45,70.47,70.89,19351900,0.0,0.0
2021-06-21 00:00:00-04:00,71.15,71.52,70.83,71.02,10880800,0.0,0.0
2021-06-22 00:00:00-04:00,70.87,71.01,70.33,70.5,10957500,0.0,0.0
2021-06-23 00:00:00-04:00,70.19,70.57,69.91,69.94,9539100,0.0,0.0
2021-06-24 00:00:00-04:00,70.08,70.92,70.08,70.66,8601900,0.0,0.0
2021-06-25 00:00:00-04:00,70.38,72.15,70.37,71.44,50285200,0.0,0.0
2021-06-28 00:00:00-04:00,71.48,71.94,71.06,71.12,8796200,0.0,0.0
2021-06-29 00:00:00-04:00,71.25,71.56,71.08,71.45,7696600,0.0,0.0
2021-06-30 00:00:00-04:00,71.62,72.26,71.46,71.96,13811900,0.0,0.0
2021-07-01 00:00:00-04:00,71.85,72.31,71.72,72.17,9212000,0.0,0.0
2021-07-02 00:00:00-04:00,72.21,72.89,71.95,72.73,7668000,0.0,0.0
2021-07-06 00:00:00-04:00,72.31,72.5,71.77,72.28,6720500,0.0,0.0
2021-07-07 00:00:00-04:00,72.56,72.74,72.3,72.69,8275100,0.0,0.0
2021-07-08 00:00:00-04:00,71.96,72.45,71.54,72.29,8400400,0.0,0.0
2021-07-09 00:00:00-04:00,72.56,72.81,72.12,72.17,6006500,0.0,0.0
2021-07-12 00:00:00-04:00,71.76,72.57,71.61,71.76,11087900,0.0,0.0
2021-07-13 00:00:00-04:00,71.62,71.96,71.47,71.82,6465800,0.0,0.0
2021-07-14 00:00:00-04:00,71.81,71.92,71.14,71.82,7163200,0.0,0.0
2021-07-15 00:00:00-04:00,71.82,72.21,71.45,72.08,7041300,0.0,0.0
2021-07-16 00:00:00-04:00,72.19,72.53,71.83,72.19,7638200,0.0,0.0
2021-07-19 00:00:00-04:00,72.0,72.49,70.46,71.3,9830600,0.0,0.0
2021-07-20 00:00:00-04:00,71.43,72.3,70.28,70.48,11627600,0.0,0.0
2021-07-21 00:00:00-04:00,70.62,70.75,69.99,70.69,7429300,0.0,0.0
2021-07-22 00:00:00-04:00,70.88,71.06,70.4,70.82,8708900,0.0,0.0
2021-07-23 00:00:00-04:00,71.07,71.88,71.0,71.75,6560800,0.0,0.0
2021-07-26 00:00:00-04:00,71.68,71.82,71.21,71.47,5071800,0.0,0.0
2021-07-27 00:00:00-04:00,71.41,72.3,71.01,72.04,8136000,0.0,0.0
2021-07-28 00:00:00-04:00,72.05,72.8,71.69,72.48,11037900,0.0,0.0
2021-07-29 00:00:00-04:00,71.76,72.1,71.07,71.19,11583000,0.0,0.0
2021-07-30 00:00:00-04:00,71.36,71.95,71.04,71.13,13004500,0.0,0.0
2021-08-02 00:00:00-04:00,71.19,71.49,70.45,70.49,9083400,0.0,0.0
2021-08-03 00:00:00-04:00,70.66,71.07,70.5,70.7,9952400,0.0,0.0
2021-08-04 00:00:00-04:00,70.78,70.78,69.83,69.84,10893400,0.0,0.0
2021-08-05 00:00:00-04:00,69.88,70.04,69.34,69.95,8701600,0.0,0.0
2021-08-06 00:00:00-04:00,69.97,70.01,69.39,69.81,8670700,0.0,0.0
2021-08-09 00:00:00-04:00,70.19,70.53,69.4,69.7,7867000,0.0,0.0
2021-08-10 00:00:00-04:00,69.54,69.73,69.23,69.58,11243100,0.0,0.0
2021-08-11 00:00:00-04:00,69.94,70.11,69.53,69.59,6952200,0.0,0.0
2021-08-12 00:00:00-04:00,69.51,70.38,69.46,70.36,6077100,0.0,0.0
2021-08-13 00:00:00-04:00,70.66,71.04,70.53,70.99,6810400,0.0,0.0
2021-08-16 00:00:00-04:00,71.0,72.19,70.92,72.11,9368400,0.0,0.0
2021-08-17 00:00:00-04:00,72.08,73.16,72.02,72.94,10311600,0.0,0.0
2021-08-18 00:00:00-04:00,72.99,73.17,71.94,71.98,7459100,0.0,0.0
2021-08-19 00:00:00-04:00,71.91,73.23,71.91,72.6,8865400,0.0,0.0
2021-08-20 00:00:00-04:00,72.67,73.29,72.38,72.81,6284200,0.0,0.0
2021-08-23 00:00:00-04:00,73.2,73.31,72.49,72.53,6492600,0.0,0.0
2021-08-24 00:00:00-04:00,72.43,72.43,71.75,71.92,8698100,0.0,0.0
2021-08-25 00:00:00-04:00,72.0,72.0,70.7,71.32,7045800,0.0,0.0
2021-08-26 00:00:00-04:00,71.35,71.55,70.8,70.85,6640400,0.0,0.0
2021-08-27 00:00:00-04:00,71.07,71.22,70.48,70.6,6010000,0.0,0.0
2021-08-30 00:00:00-04:00,70.6,71.1,70.52,70.79,7339700,0.0,0.0
2021-08-31 00:00:00-04:00,71.06,71.34,70.35,70.59,10949500,0.0,0.0
2021-09-01 00:00:00-04:00,70.53,71.07,70.17,70.49,9187200,0.0,0.0
2021-09-02 00:00:00-04:00,70.77,71.38,70.48,71.36,6559400,0.0,0.0
2021-09-03 00:00:00-04:00,71.49,71.6,70.96,71.49,6629800,0.0,0.0
2021-09-07 00:00:00-04:00,70.87,71.13,69.56,70.31,13979500,0.0,0.0
2021-09-08 00:00:00-04:00,70.3,70.3,69.21,69.73,8243000,0.0,0.0
2021-09-09 00:00:00-04:00,69.58,69.58,68.1,68.31,14628700,0.0,0.0
2021-09-10 00:00:00-04:00,68.46,68.67,67.66,67.97,11084500,0.0,0.0
2021-09-13 00:00:00-04:00,68.26,68.32,67.42,67.72,11245200,0.0,0.0
2021-09-14 00:00:00-04:00,68.2,68.29,67.28,67.32,15202800,0.65,0.0
2021-09-15 00:00:00-04:00,67.3,68.29,67.11,67.98,12555900,0.0,0.0
2021-09-16 00:00:00-04:00,68.17,68.17,66.93,67.19,14818900,0.0,0.0
2021-09-17 00:00:00-04:00,66.46,67.22,66.18,66.92,43406600,0.0,0.0
2021-09-20 00:00:00-04:00,66.44,67.79,66.4,67.16,15989400,0.0,0.0
2021-09-21 00:00:00-04:00,67.67,67.86,67.01,67.19,11995900,0.0,0.0
2021-09-22 00:00:00-04:00,67.53,67.6,67.09,67.26,9028700,0.0,0.0
2021-09-23 00:00:00-04:00,67.86,69.13,67.75,68.2,12813500,0.0,0.0
2021-09-24 00:00:00-04:00,68.71,69.68,68.48,68.72,14714700,0.0,0.0
2021-09-27 00:00:00-04:00,68.63,69.34,68.47,68.49,8630600,0.0,0.0
2021-09-28 00:00:00-04:00,68.67,68.92,67.84,68.45,11836200,0.0,0.0
2021-09-29 00:00:00-04:00,68.72,70.68,68.7,70.11,16054500,0.0,0.0
2021-09-30 00:00:00-04:00,70.56,71.56,70.12,70.12,16248600,0.0,0.0
2021-10-01 00:00:00-04:00,76.15,78.74,75.28,76.0,102497300,0.0,0.0
2021-10-04 00:00:00-04:00,78.58,78.95,76.95,77.58,53553300,0.0,0.0
2021-10-05 00:00:00-04:00,77.29,77.86,75.9,76.18,28977800,0.0,0.0
2021-10-06 00:00:00-04:00,76.09,76.26,74.83,75.31,17608000,0.0,0.0
2021-10-07 00:00:00-04:00,76.13,77.18,75.65,76.5,14190500,0.0,0.0
2021-10-08 00:00:00-04:00,76.25,76.37,75.18,75.28,12121100,0.0,0.0
2021-10-11 00:00:00-04:00,76.22,76.22,74.57,74.62,11279700,0.0,0.0
2021-10-12 00:00:00-04:00,74.86,74.86,73.99,74.31,10945000,0.0,0.0
2021-10-13 00:00:00-04:00,74.31,74.37,73.55,73.71,9462600,0.0,0.0
2021-10-14 00:00:00-04:00,73.73,74.38,72.8,73.13,14607900,0.0,0.0
2021-10-15 00:00:00-04:00,73.01,73.81,72.8,73.13,12866800,0.0,0.0
2021-10-18 00:00:00-04:00,73.51,73.51,71.99,72.03,13075500,0.0,0.0
2021-10-19 00:00:00-04:00,73.5,74.24,72.93,74.21,15577100,0.0,0.0
2021-10-20 00:00:00-04:00,74.06,75.86,74.05,75.69,11465500,0.0,0.0
2021-10-21 00:00:00-04:00,75.73,75.87,74.95,75.78,9893600,0.0,0.0
2021-10-22 00:00:00-04:00,75.76,76.07,75.51,75.76,7543600,0.0,0.0
2021-10-25 00:00:00-04:00,75.65,76.3,74.64,76.24,9365900,0.0,0.0
2021-10-26 00:00:00-04:00,76.46,76.89,76.29,76.79,9352500,0.0,0.0
2021-10-27 00:00:00-04:00,77.01,77.01,75.9,76.13,8465400,0.0,0.0
2021-10-28 00:00:00-04:00,77.85,81.09,77.65,80.81,28854700,0.0,0.0
2021-10-29 00:00:00-04:00,80.75,82.59,80.45,82.21,18678600,0.0,0.0
2021-11-01 00:00:00-04:00,82.21,82.75,81.5,82.01,10943900,0.0,0.0
2021-11-02 00:00:00-04:00,82.37,84.42,81.67,83.11,14671400,0.0,0.0
2021-11-03 00:00:00-04:00,82.88,83.48,82.36,82.79,10883900,0.0,0.0
2021-11-04 00:00:00-04:00,84.37,85.33,83.34,84.53,19519800,0.0,0.0
2021-11-05 00:00:00-04:00,76.83,78.42,75.95,76.19,37623900,0.0,0.0
2021-11-08 00:00:00-05:00,75.07,77.38,74.58,77.19,18655700,0.0,0.0
2021-11-09 00:00:00-05:00,78.07,78.15,76.47,77.23,10512000,0.0,0.0
2021-11-10 00:00:00-05:00,77.78,78.44,77.21,78.43,9855900,0.0,0.0
2021-11-11 00:00:00-05:00,78.35,78.67,77.99,78.44,5761500,0.0,0.0
2021-11-12 00:00:00-05:00,78.28,78.61,77.54,78.42,8206700,0.0,0.0
2021-11-15 00:00:00-05:00,78.56,78.59,77.86,78.14,7108200,0.0,0.0
2021-11-16 00:00:00-05:00,78.12,79.07,77.72,78.53,10565200,0.0,0.0
2021-11-17 00:00:00-05:00,78.77,79.05,77.11,77.12,10286300,0.0,0.0
2021-11-18 00:00:00-05:00,76.84,77.62,76.58,77.54,9833600,0.0,0.0
2021-11-19 00:00:00-05:00,76.9,77.26,75.27,75.34,17581100,0.0,0.0
2021-11-22 00:00:00-05:00,75.62,76.62,75.19,76.22,10880200,0.0,0.0
2021-11-23 00:00:00-05:00,76.08,78.04,75.94,77.3,12130800,0.0,0.0
2021-11-24 00:00:00-05:00,77.3,77.4,76.52,76.82,8537000,0.0,0.0
2021-11-26 00:00:00-05:00,73.5,74.62,71.99,73.91,18022000,0.0,0.0
2021-11-29 00:00:00-05:00,71.35,72.36,69.09,69.92,34192400,0.0,0.0
2021-11-30 00:00:00-05:00,69.79,70.05,68.94,69.94,30179900,0.0,0.0
2021-12-01 00:00:00-05:00,70.52,71.81,69.45,69.5,21435900,0.0,0.0
2021-12-02 00:00:00-05:00,69.44,69.82,68.43,68.99,15345300,0.0,0.0
2021-12-03 00:00:00-05:00,69.17,69.32,67.84,68.47,14508900,0.0,0.0
2021-12-06 00:00:00-05:00,68.43,68.95,67.97,68.55,13506800,0.0,0.0
2021-12-07 00:00:00-05:00,67.25,67.89,66.75,67.48,17635100,0.0,0.0
2021-12-08 00:00:00-05:00,67.73,68.54,67.3,68.35,14331400,0.0,0.0
2021-12-09 00:00:00-05:00,68.57,68.68,67.87,68.02,11938000,0.0,0.0
2021-12-10 00:00:00-05:00,68.27,68.37,67.45,67.8,11398800,0.0,0.0
2021-12-13 00:00:00-05:00,67.57,68.57,67.19,68.55,17486100,0.0,0.0
2021-12-14 00:00:00-05:00,68.2,69.78,68.01,69.48,18949700,0.69,0.0
2021-12-15 00:00:00-05:00,69.47,71.05,69.47,70.96,14263400,0.0,0.0
2021-12-16 00:00:00-05:00,71.16,72.13,70.94,71.54,16601700,0.0,0.0
2021-12-17 00:00:00-05:00,72.16,73.27,71.16,71.34,28040600,0.0,0.0
2021-12-20 00:00:00-05:00,71.35,72.1,70.64,72.02,11818800,0.0,0.0
2021-12-21 00:00:00-05:00,71.86,71.89,70.58,71.2,14947800,0.0,0.0
2021-12-22 00:00:00-05:00,71.1,72.16,70.81,71.78,9256000,0.0,0.0
2021-12-23 00:00:00-05:00,71.91,71.91,71.02,71.37,9894900,0.0,0.0
2021-12-27 00:00:00-05:00,71.63,72.2,71.41,72.17,6334700,0.0,0.0
2021-12-28 00:00:00-05:00,72.27,72.7,71.83,72.39,5727100,0.0,0.0
2021-12-29 00:00:00-05:00,72.38,72.74,72.07,72.52,5926100,0.0,0.0
2021-12-30 00:00:00-05:00,72.68,73.15,72.54,72.7,5859100,0.0,0.0
2021-12-31 00:00:00-05:00,72.7,73.09,72.21,72.23,6019500,0.0,0.0
2022-01-03 00:00:00-05:00,72.18,72.51,71.02,72.45,9441200,0.0,0.0
2022-01-04 00:00:00-05:00,72.01,72.83,71.53,72.58,11981700,0.0,0.0
2022-01-05 00:00:00-05:00,72.82,75.22,72.82,74.34,17447900,0.0,0.0
2022-01-06 00:00:00-05:00,74.26,75.0,73.47,74.3,11359200,0.0,0.0
2022-01-07 00:00:00-05:00,74.32,75.9,73.95,75.68,15212000,0.0,0.0
2022-01-10 00:00:00-05:00,75.91,77.71,75.09,77.63,19636800,0.0,0.0
2022-01-11 00:00:00-05:00,77.68,77.81,76.01,76.97,11585100,0.0,0.0
2022-01-12 00:00:00-05:00,76.42,76.74,76.03,76.53,13057000,0.0,0.0
2022-01-13 00:00:00-05:00,76.28,77.02,75.71,76.64,9678100,0.0,0.0
2022-01-14 00:00:00-05:00,76.91,77.14,76.12,76.7,9478000,0.0,0.0
2022-01-18 00:00:00-05:00,76.44,77.43,76.16,76.85,14493100,0.0,0.0
2022-01-19 00:00:00-05:00,76.32,77.26,75.85,76.61,11448200,0.0,0.0
2022-01-20 00:00:00-05:00,76.09,77.15,75.89,76.11,12069600,0.0,0.0
2022-01-21 00:00:00-05:00,76.6,76.83,74.68,75.38,18461700,0.0,0.0
2022-01-24 00:00:00-05:00,75.18,75.5,72.24,74.3,17289000,0.0,0.0
2022-01-25 00:00:00-05:00,73.91,75.19,73.31,74.89,13662400,0.0,0.0
2022-01-26 00:00:00-05:00,74.82,75.72,74.2,74.59,13046600,0.0,0.0
2022-01-27 00:00:00-05:00,73.91,76.91,73.91,75.95,20187200,0.0,0.0
2022-01-28 00:00:00-05:00,74.97,76.33,74.63,76.25,13915300,0.0,0.0
2022-01-31 00:00:00-05:00,76.36,77.02,76.15,76.79,13035000,0.0,0.0
2022-02-01 00:00:00-05:00,77.25,77.4,76.42,77.21,10803300,0.0,0.0
2022-02-02 00:00:00-05:00,77.1,77.57,76.59,77.29,13988200,0.0,0.0
2022-02-03 00:00:00-05:00,76.95,77.1,73.89,74.47,19181400,0.0,0.0
2022-02-04 00:00:00-05:00,73.99,74.97,73.7,74.04,10716200,0.0,0.0
2022-02-07 00:00:00-05:00,74.26,74.38,72.99,73.12,23615300,0.0,0.0
2022-02-08 00:00:00-05:00,72.67,72.88,71.46,72.49,17486500,0.0,0.0
2022-02-09 00:00:00-05:00,72.73,72.88,72.02,72.13,15183100,0.0,0.0
2022-02-10 00:00:00-05:00,71.97,72.35,71.56,72.16,12437600,0.0,0.0
2022-02-11 00:00:00-05:00,72.01,73.42,71.79,72.23,9342300,0.0,0.0
2022-02-14 00:00:00-05:00,72.22,72.29,70.79,72.07,9881100,0.0,0.0
2022-02-15 00:00:00-05:00,73.05,73.69,72.87,73.33,11425600,0.0,0.0
2022-02-16 00:00:00-05:00,72.76,73.33,72.51,72.78,9981300,0.0,0.0
2022-02-17 00:00:00-05:00,72.43,72.51,71.63,71.97,8889300,0.0,0.0
2022-02-18 00:00:00-05:00,71.93,72.44,71.53,71.98,8780500,0.0,0.0
2022-02-22 00:00:00-05:00,72.06,72.44,71.26,71.58,9052500,0.0,0.0
2022-02-23 00:00:00-05:00,71.81,72.04,71.27,71.48,9659100,0.0,0.0
2022-02-24 00:00:00-05:00,70.78,70.99,68.69,69.28,21135600,0.0,0.0
2022-02-25 00:00:00-05:00,69.93,72.84,69.9,71.93,13665900,0.0,0.0
2022-02-28 00:00:00-05:00,71.47,72.35,70.48,72.18,14126100,0.0,0.0
2022-03-01 00:00:00-05:00,72.1,73.29,71.58,71.95,9807300,0.0,0.0
2022-03-02 00:00:00-05:00,71.92,72.78,71.69,72.26,9697500,0.0,0.0
2022-03-03 00:00:00-05:00,72.35,73.08,72.02,72.71,8191100,0.0,0.0
2022-03-04 00:00:00-05:00,72.27,73.38,71.65,73.35,12216300,0.0,0.0
2022-03-07 00:00:00-05:00,72.58,73.79,71.7,73.26,14008400,0.0,0.0
2022-03-08 00:00:00-05:00,72.81,73.6,72.16,72.52,10184100,0.0,0.0
2022-03-09 00:00:00-05:00,73.16,73.72,72.62,73.32,9746000,0.0,0.0
2022-03-10 00:00:00-05:00,73.17,73.7,72.88,73.41,8972200,0.0,0.0
2022-03-11 00:00:00-05:00,73.82,75.05,73.7,73.76,9424500,0.0,0.0
2022-03-14 00:00:00-04:00,74.07,74.75,73.51,73.96,10085400,0.69,0.0
2022-03-15 00:00:00-04:00,73.86,75.13,73.6,74.78,11403000,0.0,0.0
2022-03-16 00:00:00-04:00,75.08,75.22,73.83,74.28,10944000,0.0,0.0
2022-03-17 00:00:00-04:00,74.31,75.47,74.22,75.06,10279400,0.0,0.0
2022-03-18 00:00:00-04:00,75.29,75.82,74.77,75.22,21064800,0.0,0.0
2022-03-21 00:00:00-04:00,75.76,76.5,75.03,75.18,10478300,0.0,0.0
2022-03-22 00:00:00-04:00,75.38,75.86,74.9,75.4,10016600,0.0,0.0
2022-03-23 00:00:00-04:00,75.4,76.62,75.34,75.81,8470400,0.0,0.0
2022-03-24 00:00:00-04:00,76.11,76.71,75.8,76.46,7605000,0.0,0.0
2022-03-25 00:00:00-04:00,76.63,77.38,76.5,77.34,7125600,0.0,0.0
2022-03-28 00:00:00-04:00,77.37,77.66,76.76,77.22,7071900,0.0,0.0
2022-03-29 00:00:00-04:00,77.65,77.74,76.77,77.56,7398700,0.0,0.0
2022-03-30 00:00:00-04:00,77.82,78.64,77.66,78.35,9326600,0.0,0.0
2022-03-31 00:00:00-04:00,78.83,79.28,77.91,78.02,12466800,0.0,0.0
2022-04-01 00:00:00-04:00,78.15,79.47,77.63,79.42,10086700,0.0,0.0
2022-04-04 00:00:00-04:00,79.4,79.77,78.67,79.39,9039600,0.0,0.0
2022-04-05 00:00:00-04:00,79.55,81.23,79.41,79.61,12040900,0.0,0.0
2022-04-06 00:00:00-04:00,80.22,81.36,79.99,80.8,13924300,0.0,0.0
2022-04-07 00:00:00-04:00,81.54,82.83,80.79,82.54,13104300,0.0,0.0
2022-04-08 00:00:00-04:00,82.38,83.52,82.02,83.37,11409300,0.0,0.0
2022-04-11 00:00:00-04:00,83.98,85.08,81.95,82.37,14381000,0.0,0.0
2022-04-12 00:00:00-04:00,81.77,82.3,81.03,81.42,12543000,0.0,0.0
2022-04-13 00:00:00-04:00,81.58,82.0,80.66,81.9,12743800,0.0,0.0
2022-04-14 00:00:00-04:00,81.9,83.21,81.21,82.64,22096100,0.0,0.0
2022-04-18 00:00:00-04:00,82.17,83.15,81.47,81.84,7995100,0.0,0.0
2022-04-19 00:00:00-04:00,81.75,81.86,80.94,81.57,8494700,0.0,0.0
2022-04-20 00:00:00-04:00,81.32,82.55,81.28,82.21,8719400,0.0,0.0
2022-04-21 00:00:00-04:00,82.16,82.94,81.19,81.99,8562400,0.0,0.0
2022-04-22 00:00:00-04:00,81.64,81.91,80.35,80.43,7914000,0.0,0.0
2022-04-25 00:00:00-04:00,80.43,81.59,79.43,81.24,10573400,0.0,0.0
2022-04-26 00:00:00-04:00,81.55,81.96,80.24,80.33,9009600,0.0,0.0
2022-04-27 00:00:00-04:00,80.16,80.95,79.49,80.26,10781300,0.0,0.0
2022-04-28 00:00:00-04:00,81.54,84.98,80.82,84.23,21092300,0.0,0.0
2022-04-29 00:00:00-04:00,84.3,85.59,83.76,84.33,15914200,0.0,0.0
2022-05-02 00:00:00-04:00,84.36,84.48,82.37,83.34,12124900,0.0,0.0
2022-05-03 00:00:00-04:00,82.72,83.9,82.18,82.82,8425600,0.0,0.0
2022-05-04 00:00:00-04:00,82.32,84.41,82.12,84.17,10763500,0.0,0.0
2022-05-05 00:00:00-04:00,84.08,84.3,82.75,83.69,9548300,0.0,0.0
2022-05-06 00:00:00-04:00,83.43,84.55,83.18,84.05,12227400,0.0,0.0
2022-05-09 00:00:00-04:00,83.2,83.73,82.64,83.33,11901500,0.0,0.0
2022-05-10 00:00:00-04:00,83.79,84.9,82.98,83.5,12370800,0.0,0.0
2022-05-11 00:00:00-04:00,83.12,86.35,83.12,84.81,16338600,0.0,0.0
2022-05-12 00:00:00-04:00,85.44,86.39,84.02,86.37,14210200,0.0,0.0
2022-05-13 00:00:00-04:00,86.24,86.58,84.87,85.97,10308100,0.0,0.0
2022-05-16 00:00:00-04:00,86.33,88.31,86.22,87.78,13999000,0.0,0.0
2022-05-17 00:00:00-04:00,87.77,89.91,87.01,88.43,17582800,0.0,0.0
2022-05-18 00:00:00-04:00,88.01,88.58,87.26,87.57,12717600,0.0,0.0
2022-05-19 00:00:00-04:00,86.77,88.06,86.41,87.57,11121600,0.0,0.0
2022-05-20 00:00:00-04:00,87.91,89.46,87.91,88.95,11757100,0.0,0.0
2022-05-23 00:00:00-04:00,88.99,90.26,88.81,89.22,9067000,0.0,0.0
2022-05-24 00:00:00-04:00,89.62,90.14,88.97,89.99,9021000,0.0,0.0
2022-05-25 00:00:00-04:00,89.72,90.1,88.56,89.14,11177700,0.0,0.0
2022-05-26 00:00:00-04:00,89.61,89.62,86.53,87.77,17249500,0.0,0.0
2022-05-27 00:00:00-04:00,87.75,88.54,87.24,88.51,9802000,0.0,0.0
2022-05-31 00:00:00-04:00,87.39,88.07,86.41,87.51,22860800,0.0,0.0
2022-06-01 00:00:00-04:00,87.17,87.41,85.62,86.66,10492500,0.0,0.0
2022-06-02 00:00:00-04:00,86.65,86.66,84.38,85.58,11066200,0.0,0.0
2022-06-03 00:00:00-04:00,85.33,86.22,85.27,85.49,7051600,0.0,0.0
2022-06-06 00:00:00-04:00,85.74,86.21,85.28,85.43,8336900,0.0,0.0
2022-06-07 00:00:00-04:00,85.72,86.36,85.18,86.03,10243300,0.0,0.0
2022-06-08 00:00:00-04:00,86.13,86.2,84.88,85.08,10266000,0.0,0.0
2022-06-09 00:00:00-04:00,84.86,85.38,83.6,83.68,7381100,0.0,0.0
2022-06-10 00:00:00-04:00,82.89,83.71,82.45,82.9,8861600,0.0,0.0
2022-06-13 00:00:00-04:00,81.5,82.26,80.47,80.82,12016100,0.0,0.0
2022-06-14 00:00:00-04:00,81.26,81.52,80.4,81.01,11226900,0.69,0.0
2022-06-15 00:00:00-04:00,81.06,81.84,80.29,81.13,11357100,0.0,0.0
2022-06-16 00:00:00-04:00,80.31,81.67,79.62,81.38,12925200,0.0,0.0
2022-06-17 00:00:00-04:00,81.14,82.21,79.94,81.12,32989100,0.0,0.0
2022-06-21 00:00:00-04:00,82.49,84.71,81.74,84.39,11778600,0.0,0.0
2022-06-22 00:00:00-04:00,84.4,86.6,84.39,85.47,11935400,0.0,0.0
2022-06-23 00:00:00-04:00,86.28,88.34,85.86,88.2,14718400,0.0,0.0
2022-06-24 00:00:00-04:00,89.39,89.91,87.91,89.28,25248400,0.0,0.0
2022-06-27 00:00:00-04:00,89.35,91.76,89.2,90.51,11949000,0.0,0.0
2022-06-28 00:00:00-04:00,90.22,90.43,87.69,88.09,13523300,0.0,0.0
2022-06-29 00:00:00-04:00,88.49,89.14,88.09,88.68,8657100,0.0,0.0
2022-06-30 00:00:00-04:00,87.86,89.06,87.15,87.4,18551400,0.0,0.0
2022-07-01 00:00:00-04:00,87.52,88.67,86.65,88.6,11413800,0.0,0.0
2022-07-05 00:00:00-04:00,88.62,89.11,86.79,88.81,9574400,0.0,0.0
2022-07-06 00:00:00-04:00,89.45,90.6,88.87,89.28,10455300,0.0,0.0
2022-07-07 00:00:00-04:00,89.1,90.07,88.72,89.16,8140100,0.0,0.0
2022-07-08 00:00:00-04:00,89.07,89.94,88.59,88.94,7161500,0.0,0.0
2022-07-11 00:00:00-04:00,89.04,90.86,88.99,90.4,9507700,0.0,0.0
2022-07-12 00:00:00-04:00,89.9,90.34,89.29,89.73,7826500,0.0,0.0
2022-07-13 00:00:00-04:00,89.72,90.46,89.17,89.89,6415600,0.0,0.0
2022-07-14 00:00:00-04:00,88.72,90.17,88.25,90.0,6271000,0.0,0.0
2022-07-15 00:00:00-04:00,90.93,91.41,90.47,91.03,9731900,0.0,0.0
2022-07-18 00:00:00-04:00,90.98,91.17,88.12,88.52,8653700,0.0,0.0
2022-07-19 00:00:00-04:00,89.3,89.53,88.31,88.54,8233600,0.0,0.0
2022-07-20 00:00:00-04:00,88.54,88.61,85.53,85.94,11844000,0.0,0.0
2022-07-21 00:00:00-04:00,85.46,86.67,85.23,86.41,8197000,0.0,0.0
2022-07-22 00:00:00-04:00,86.38,86.71,85.76,86.38,6354500,0.0,0.0
2022-07-25 00:00:00-04:00,86.47,86.98,86.04,86.79,6364500,0.0,0.0
2022-07-26 00:00:00-04:00,87.62,88.15,86.85,87.52,6414100,0.0,0.0
2022-07-27 00:00:00-04:00,86.76,87.59,86.29,87.46,6966300,0.0,0.0
2022-07-28 00:00:00-04:00,87.28,87.36,83.81,86.22,13909800,0.0,0.0
2022-07-29 00:00:00-04:00,86.36,87.31,84.63,85.65,14938600,0.0,0.0
2022-08-01 00:00:00-04:00,85.65,86.3,84.7,84.87,7343300,0.0,0.0
2022-08-02 00:00:00-04:00,85.38,85.89,83.93,83.99,7443000,0.0,0.0
2022-08-03 00:00:00-04:00,83.64,84.38,83.17,84.0,8187600,0.0,0.0
2022-08-04 00:00:00-04:00,84.18,84.26,83.06,83.23,7993800,0.0,0.0
2022-08-05 00:00:00-04:00,82.95,83.91,82.46,83.8,8801200,0.0,0.0
2022-08-08 00:00:00-04:00,83.69,85.11,83.33,84.83,8149400,0.0,0.0
2022-08-09 00:00:00-04:00,85.08,86.51,83.22,85.82,13215500,0.0,0.0
2022-08-10 00:00:00-04:00,86.31,86.4,84.54,85.5,8140200,0.0,0.0
2022-08-11 00:00:00-04:00,84.18,86.11,83.75,85.25,7396800,0.0,0.0
2022-08-12 00:00:00-04:00,85.31,87.27,85.27,87.26,12317300,0.0,0.0
2022-08-15 00:00:00-04:00,87.07,87.08,86.17,86.85,6339800,0.0,0.0
2022-08-16 00:00:00-04:00,86.24,87.14,86.15,86.84,5661200,0.0,0.0
2022-08-17 00:00:00-04:00,86.6,88.09,86.57,87.28,6486000,0.0,0.0
2022-08-18 00:00:00-04:00,87.72,88.04,86.79,87.62,6111600,0.0,0.0
2022-08-19 00:00:00-04:00,87.76,89.17,87.75,88.27,8828700,0.0,0.0
2022-08-22 00:00:00-04:00,88.01,88.41,87.25,87.39,6652100,0.0,0.0
2022-08-23 00:00:00-04:00,87.12,87.23,86.01,86.47,5208800,0.0,0.0
2022-08-24 00:00:00-04:00,86.47,86.59,85.84,86.29,5553300,0.0,0.0
2022-08-25 00:00:00-04:00,86.77,86.77,85.39,86.54,5884300,0.0,0.0
2022-08-26 00:00:00-04:00,86.55,86.99,85.41,85.57,5695300,0.0,0.0
2022-08-29 00:00:00-04:00,85.16,85.32,83.94,83.97,7850200,0.0,0.0
2022-08-30 00:00:00-04:00,83.85,83.95,83.0,83.29,6754000,0.0,0.0
2022-08-31 00:00:00-04:00,83.44,83.53,81.64,81.83,11602000,0.0,0.0
2022-09-01 00:00:00-04:00,82.1,83.84,81.83,83.55,7528600,0.0,0.0
2022-09-02 00:00:00-04:00,83.63,84.15,82.33,82.66,6997500,0.0,0.0
2022-09-06 00:00:00-04:00,83.0,83.66,82.6,82.85,8244300,0.0,0.0
2022-09-07 00:00:00-04:00,82.98,83.4,81.55,83.28,6121700,0.0,0.0
2022-09-08 00:00:00-04:00,82.92,83.83,82.57,83.81,8109200,0.0,0.0
2022-09-09 00:00:00-04:00,83.97,84.52,83.66,83.73,7480100,0.0,0.0
2022-09-12 00:00:00-04:00,84.49,85.48,84.19,84.51,6351500,0.0,0.0
2022-09-13 00:00:00-04:00,83.71,83.99,82.55,82.71,7650000,0.0,0.0
2022-09-14 00:00:00-04:00,84.07,84.69,83.48,84.03,9418700,0.69,0.0
2022-09-15 00:00:00-04:00,84.22,84.49,83.3,83.83,8006800,0.0,0.0
2022-09-16 00:00:00-04:00,83.69,84.92,83.5,84.77,14842500,0.0,0.0
2022-09-19 00:00:00-04:00,83.93,84.02,82.76,83.73,7748600,0.0,0.0
2022-09-20 00:00:00-04:00,83.18,83.54,82.71,83.11,5454800,0.0,0.0
2022-09-21 00:00:00-04:00,83.35,83.59,81.68,81.69,7190800,0.0,0.0
2022-09-22 00:00:00-04:00,81.71,85.19,81.71,84.57,12329700,0.0,0.0
2022-09-23 00:00:00-04:00,84.46,85.05,83.2,83.86,9038500,0.0,0.0
2022-09-26 00:00:00-04:00,83.22,83.79,82.42,83.28,8841000,0.0,0.0
2022-09-27 00:00:00-04:00,83.9,84.68,82.79,82.95,6532100,0.0,0.0
2022-09-28 00:00:00-04:00,84.07,84.32,83.3,83.86,6840000,0.0,0.0
2022-09-29 00:00:00-04:00,84.07,84.48,83.33,83.73,6601300,0.0,0.0
2022-09-30 00:00:00-04:00,84.32,84.67,83.21,83.22,9035600,0.0,0.0
2022-10-03 00:00:00-04:00,83.8,84.94,83.13,84.61,9186900,0.0,0.0
2022-10-04 00:00:00-04:00,84.6,85.67,84.07,85.42,7373000,0.0,0.0
2022-10-05 00:00:00-04:00,85.6,85.8,85.06,85.42,6065700,0.0,0.0
2022-10-06 00:00:00-04:00,84.81,85.05,84.3,84.5,8055500,0.0,0.0
2022-10-07 00:00:00-04:00,84.93,85.33,84.19,84.65,8837400,0.0,0.0
2022-10-10 00:00:00-04:00,86.91,88.51,86.69,87.44,14485000,0.0,0.0
2022-10-11 00:00:00-04:00,87.39,88.89,87.17,87.99,9743500,0.0,0.0
2022-10-12 00:00:00-04:00,88.18,88.64,87.33,87.38,8522200,0.0,0.0
2022-10-13 00:00:00-04:00,86.49,89.6,86.27,89.38,9382800,0.0,0.0
2022-10-14 00:00:00-04:00,89.17,90.22,88.66,89.08,9847600,0.0,0.0
2022-10-17 00:00:00-04:00,89.72,91.2,89.34,90.96,12139700,0.0,0.0
2022-10-18 00:00:00-04:00,91.25,92.12,90.86,91.43,9530400,0.0,0.0
2022-10-19 00:00:00-04:00,91.72,91.72,89.97,90.12,8546100,0.0,0.0
2022-10-20 00:00:00-04:00,90.07,90.26,89.25,89.82,7626000,0.0,0.0
2022-10-21 00:00:00-04:00,89.72,92.73,89.53,92.45,10297200,0.0,0.0
2022-10-24 00:00:00-04:00,93.21,95.11,93.03,94.1,11414900,0.0,0.0
2022-10-25 00:00:00-04:00,93.6,94.99,93.11,94.42,8747900,0.0,0.0
2022-10-26 00:00:00-04:00,94.99,95.94,94.71,95.1,10374700,0.0,0.0
2022-10-27 00:00:00-04:00,96.48,98.09,96.15,96.39,12218400,0.0,0.0
2022-10-28 00:00:00-04:00,96.87,97.74,95.24,97.38,11228000,0.0,0.0
2022-10-31 00:00:00-04:00,96.59,97.95,95.97,97.8,11043800,0.0,0.0
2022-11-01 00:00:00-04:00,97.27,97.67,95.62,96.41,11079300,0.0,0.0
2022-11-02 00:00:00-04:00,96.3,97.63,95.65,96.06,9503500,0.0,0.0
2022-11-03 00:00:00-04:00,95.67,95.9,94.71,95.43,9912700,0.0,0.0
2022-11-04 00:00:00-04:00,95.67,96.04,94.67,95.86,8877600,0.0,0.0
2022-11-07 00:00:00-05:00,95.19,96.99,94.39,96.71,8644500,0.0,0.0
2022-11-08 00:00:00-05:00,96.71,98.54,96.18,98.09,8503900,0.0,0.0
2022-11-09 00:00:00-05:00,97.89,100.27,97.87,98.17,10602900,0.0,0.0
2022-11-10 00:00:00-05:00,99.25,99.35,97.22,98.46,9556000,0.0,0.0
2022-11-11 00:00:00-05:00,97.15,97.42,94.06,94.67,13342800,0.0,0.0
2022-11-14 00:00:00-05:00,95.38,98.27,95.38,96.98,8958200,0.0,0.0
2022-11-15 00:00:00-05:00,97.02,97.35,95.39,96.25,7965900,0.0,0.0
2022-11-16 00:00:00-05:00,96.23,97.41,96.14,96.57,8757700,0.0,0.0
2022-11-17 00:00:00-05:00,97.03,98.91,96.9,98.87,8496800,0.0,0.0
2022-11-18 00:00:00-05:00,99.18,101.08,99.18,100.73,11626300,0.0,0.0
2022-11-21 00:00:00-05:00,101.47,102.31,100.73,102.06,8899300,0.0,0.0
2022-11-22 00:00:00-05:00,102.56,103.5,102.48,103.31,8295700,0.0,0.0
2022-11-23 00:00:00-05:00,103.16,103.69,102.73,103.23,5749600,0.0,0.0
2022-11-25 00:00:00-05:00,102.98,103.89,102.98,103.89,3163700,0.0,0.0
2022-11-28 00:00:00-05:00,103.53,105.24,103.53,104.8,9524500,0.0,0.0
2022-11-29 00:00:00-05:00,104.37,105.39,103.93,105.18,9352400,0.0,0.0
2022-11-30 00:00:00-05:00,105.05,106.62,104.01,106.42,20305800,0.0,0.0
2022-12-01 00:00:00-05:00,106.06,107.25,105.11,106.11,10110500,0.0,0.0
2022-12-02 00:00:00-05:00,105.34,106.39,105.05,106.34,6943600,0.0,0.0
2022-12-05 00:00:00-05:00,106.12,106.52,105.54,106.31,6961900,0.0,0.0
2022-12-06 00:00:00-05:00,106.65,107.04,104.77,105.27,7458700,0.0,0.0
2022-12-07 00:00:00-05:00,105.48,106.99,105.34,106.39,8270400,0.0,0.0
2022-12-08 00:00:00-05:00,106.57,107.29,106.42,107.12,7354800,0.0,0.0
2022-12-09 00:00:00-05:00,107.25,107.63,105.09,105.12,9667800,0.0,0.0
2022-12-12 00:00:00-05:00,104.3,105.43,103.71,105.31,10956600,0.0,0.0
2022-12-13 00:00:00-05:00,107.52,107.52,105.34,107.18,15836900,0.0,0.0
2022-12-14 00:00:00-05:00,107.51,109.12,107.04,108.51,10788300,0.73,0.0
2022-12-15 00:00:00-05:00,107.24,107.75,106.26,106.65,9871400,0.0,0.0
2022-12-16 00:00:00-05:00,106.27,106.71,105.32,106.23,29465900,0.0,0.0
2022-12-19 00:00:00-05:00,106.22,107.1,105.81,106.46,6949500,0.0,0.0
2022-12-20 00:00:00-05:00,106.95,107.65,106.19,106.72,8022000,0.0,0.0
2022-12-21 00:00:00-05:00,107.1,108.16,106.56,108.09,6640900,0.0,0.0
2022-12-22 00:00:00-05:00,107.88,108.65,107.21,108.21,8373700,0.0,0.0
2022-12-23 00:00:00-05:00,108.22,109.08,107.85,108.82,4547400,0.0,0.0
2022-12-27 00:00:00-05:00,109.35,109.53,108.49,109.07,5125800,0.0,0.0
2022-12-28 00:00:00-05:00,109.82,109.82,108.04,108.06,5107800,0.0,0.0
2022-12-29 00:00:00-05:00,108.36,108.66,107.74,107.8,4467200,0.0,0.0
2022-12-30 00:00:00-05:00,108.2,108.39,107.12,107.93,5498600,0.0,0.0
2023-01-03 00:00:00-05:00,107.4,108.17,106.51,108.11,8062500,0.0,0.0
2023-01-04 00:00:00-05:00,109.26,109.54,108.21,109.03,8698600,0.0,0.0
2023-01-05 00:00:00-05:00,108.55,110.81,108.39,110.55,9578900,0.0,0.0
2023-01-06 00:00:00-05:00,111.21,112.35,110.95,111.71,8632300,0.0,0.0
2023-01-09 00:00:00-05:00,111.75,111.8,106.95,107.38,12858800,0.0,0.0
2023-01-10 00:00:00-05:00,107.55,108.96,106.89,107.79,12122800,0.0,0.0
2023-01-11 00:00:00-05:00,106.36,108.28,105.79,108.05,8626500,0.0,0.0
2023-01-12 00:00:00-05:00,107.9,109.05,107.04,108.73,8914800,0.0,0.0
2023-01-13 00:00:00-05:00,108.17,109.38,107.93,109.19,5757800,0.0,0.0
2023-01-17 00:00:00-05:00,108.98,109.43,107.32,107.44,10241100,0.0,0.0
2023-01-18 00:00:00-05:00,106.93,107.1,105.62,105.83,8799500,0.0,0.0
2023-01-19 00:00:00-05:00,105.49,107.18,105.16,106.91,6772900,0.0,0.0
2023-01-20 00:00:00-05:00,106.4,107.0,105.69,106.95,9216500,0.0,0.0
2023-01-23 00:00:00-05:00,106.94,107.36,106.2,106.89,8998800,0.0,0.0
2023-01-24 00:00:00-05:00,107.01,107.01,103.49,105.57,7424200,0.0,0.0
2023-01-25 00:00:00-05:00,105.75,106.94,105.38,105.63,6168000,0.0,0.0
2023-01-26 00:00:00-05:00,105.58,105.6,102.94,103.96,9672700,0.0,0.0
2023-01-27 00:00:00-05:00,103.32,103.78,102.25,102.51,7784900,0.0,0.0
2023-01-30 00:00:00-05:00,102.7,103.6,102.63,103.2,6476600,0.0,0.0
2023-01-31 00:00:00-05:00,103.21,104.52,103.02,104.49,7938900,0.0,0.0
2023-02-01 00:00:00-05:00,104.06,104.51,103.19,104.07,10103200,0.0,0.0
2023-02-02 00:00:00-05:00,101.19,102.93,98.98,100.64,16229900,0.0,0.0
2023-02-03 00:00:00-05:00,100.41,100.96,99.69,100.14,11210800,0.0,0.0
2023-02-06 00:00:00-05:00,100.61,101.77,100.04,101.2,9054500,0.0,0.0
2023-02-07 00:00:00-05:00,100.88,103.05,100.74,102.8,7904700,0.0,0.0
2023-02-08 00:00:00-05:00,102.93,104.59,102.45,103.74,8596300,0.0,0.0
2023-02-09 00:00:00-05:00,103.95,104.9,103.64,103.82,7976800,0.0,0.0
2023-02-10 00:00:00-05:00,104.06,105.81,103.96,105.61,7609600,0.0,0.0
2023-02-13 00:00:00-05:00,105.75,106.59,105.4,106.57,7383100,0.0,0.0
2023-02-14 00:00:00-05:00,106.96,107.01,105.25,105.78,6983900,0.0,0.0
2023-02-15 00:00:00-05:00,105.58,105.83,104.63,104.75,6416600,0.0,0.0
2023-02-16 00:00:00-05:00,103.91,104.54,103.34,103.61,5959300,0.0,0.0
2023-02-17 00:00:00-05:00,103.44,106.56,102.65,106.54,9474600,0.0,0.0
2023-02-21 00:00:00-05:00,105.94,106.89,105.67,106.1,6741500,0.0,0.0
2023-02-22 00:00:00-05:00,107.21,107.32,105.96,106.19,7213900,0.0,0.0
2023-02-23 00:00:00-05:00,106.29,108.21,106.13,107.58,6922800,0.0,0.0
2023-02-24 00:00:00-05:00,107.09,107.33,105.93,106.9,5787900,0.0,0.0
2023-02-27 00:00:00-05:00,107.04,107.13,105.57,106.38,5654800,0.0,0.0
2023-02-28 00:00:00-05:00,105.87,105.88,103.27,103.35,10209900,0.0,0.0
2023-03-01 00:00:00-05:00,103.08,104.62,103.08,103.75,6099000,0.0,0.0
2023-03-02 00:00:00-05:00,103.73,104.45,103.21,104.1,5097500,0.0,0.0
2023-03-03 00:00:00-05:00,104.46,104.47,103.24,103.97,6124300,0.0,0.0
2023-03-06 00:00:00-05:00,104.73,108.21,104.53,108.08,17776600,0.0,0.0
2023-03-07 00:00:00-05:00,108.73,109.13,107.71,108.24,13805300,0.0,0.0
2023-03-08 00:00:00-05:00,107.91,108.25,104.66,105.33,8440800,0.0,0.0
2023-03-09 00:00:00-05:00,106.32,106.91,104.19,104.67,5842500,0.0,0.0
2023-03-10 00:00:00-05:00,104.52,107.71,104.42,104.76,9738500,0.0,0.0
2023-03-13 00:00:00-04:00,101.63,105.88,101.56,102.85,10687100,0.0,0.0
2023-03-14 00:00:00-04:00,103.29,104.94,102.38,104.78,9806900,0.73,0.0
2023-03-15 00:00:00-04:00,104.3,105.82,103.41,105.43,10942700,0.0,0.0
2023-03-16 00:00:00-04:00,104.32,105.51,102.1,105.14,9441500,0.0,0.0
2023-03-17 00:00:00-04:00,104.96,105.11,101.37,101.97,26402100,0.0,0.0
2023-03-20 00:00:00-04:00,102.68,104.72,102.68,103.68,12865800,0.0,0.0
2023-03-21 00:00:00-04:00,103.83,104.25,102.62,103.38,11571800,0.0,0.0
2023-03-22 00:00:00-04:00,103.31,103.83,102.25,102.26,5705800,0.0,0.0
2023-03-23 00:00:00-04:00,101.97,102.49,101.34,102.1,6801700,0.0,0.0
2023-03-24 00:00:00-04:00,101.96,102.86,100.34,102.66,6661800,0.0,0.0
2023-03-27 00:00:00-04:00,103.91,105.41,103.82,104.74,7563100,0.0,0.0
2023-03-28 00:00:00-04:00,104.43,104.84,103.28,103.37,6679500,0.0,0.0
2023-03-29 00:00:00-04:00,103.46,103.7,102.39,102.77,6310200,0.0,0.0
2023-03-30 00:00:00-04:00,102.97,104.03,102.4,103.75,5017400,0.0,0.0
2023-03-31 00:00:00-04:00,104.06,104.35,103.36,104.21,7184300,0.0,0.0
2023-04-03 00:00:00-04:00,103.78,107.24,103.41,106.64,6964100,0.0,0.0
2023-04-04 00:00:00-04:00,106.48,107.1,105.95,106.6,6108200,0.0,0.0
2023-04-05 00:00:00-04:00,107.66,110.04,107.34,109.62,8006100,0.0,0.0
2023-04-06 00:00:00-04:00,110.69,111.83,109.36,110.03,6894500,0.0,0.0
2023-04-10 00:00:00-04:00,110.65,110.78,108.9,110.31,6446500,0.0,0.0
2023-04-11 00:00:00-04:00,110.41,110.99,110.02,110.19,5639800,0.0,0.0
2023-04-12 00:00:00-04:00,109.95,111.97,109.59,111.42,6136700,0.0,0.0
2023-04-13 00:00:00-04:00,112.62,113.45,111.33,113.22,7332300,0.0,0.0
2023-04-14 00:00:00-04:00,113.37,113.79,112.31,112.95,5005100,0.0,0.0
2023-04-17 00:00:00-04:00,113.32,114.07,111.86,112.66,6575500,0.0,0.0
2023-04-18 00:00:00-04:00,112.14,112.77,111.4,112.48,5454500,0.0,0.0
2023-04-19 00:00:00-04:00,112.15,113.03,111.68,111.8,4683400,0.0,0.0
2023-04-20 00:00:00-04:00,111.84,112.18,110.69,111.83,4657900,0.0,0.0
2023-04-21 00:00:00-04:00,112.52,113.28,112.25,113.01,6554600,0.0,0.0
2023-04-24 00:00:00-04:00,113.27,113.9,112.42,113.57,4299100,0.0,0.0
2023-04-25 00:00:00-04:00,113.84,114.47,113.54,114.15,5662800,0.0,0.0
2023-04-26 00:00:00-04:00,112.84,112.84,110.41,111.11,6607900,0.0,0.0
2023-04-27 00:00:00-04:00,112.26,113.0,108.4,112.8,9975200,0.0,0.0
2023-04-28 00:00:00-04:00,112.02,113.17,111.14,113.11,8049900,0.0,0.0
2023-05-01 00:00:00-04:00,113.43,114.21,112.91,113.96,5238900,0.0,0.0
2023-05-02 00:00:00-04:00,114.28,115.97,113.44,115.48,8175600,0.0,0.0
2023-05-03 00:00:00-04:00,115.93,117.2,115.52,115.8,6738600,0.0,0.0
2023-05-04 00:00:00-04:00,115.59,115.59,114.11,114.97,6490200,0.0,0.0
2023-05-05 00:00:00-04:00,114.98,115.48,114.18,115.27,4534000,0.0,0.0
2023-05-08 00:00:00-04:00,114.69,116.02,114.06,115.96,5157300,0.0,0.0
2023-05-09 00:00:00-04:00,115.83,116.2,114.94,115.03,4933100,0.0,0.0
2023-05-10 00:00:00-04:00,115.01,115.75,114.04,115.49,5605400,0.0,0.0
2023-05-11 00:00:00-04:00,115.17,115.38,114.0,115.15,5596700,0.0,0.0
2023-05-12 00:00:00-04:00,115.59,116.12,114.31,114.74,5233100,0.0,0.0
2023-05-15 00:00:00-04:00,114.74,115.33,113.13,113.99,5697200,0.0,0.0
2023-05-16 00:00:00-04:00,113.51,114.37,112.93,113.71,4278200,0.0,0.0
2023-05-17 00:00:00-04:00,113.99,114.27,111.16,112.41,7210400,0.0,0.0
2023-05-18 00:00:00-04:00,111.81,112.72,111.01,111.67,6437100,0.0,0.0
2023-05-19 00:00:00-04:00,111.99,113.86,111.77,113.13,7647000,0.0,0.0
2023-05-22 00:00:00-04:00,113.12,114.69,111.99,112.15,5607400,0.0,0.0
2023-05-23 00:00:00-04:00,111.64,112.44,110.74,110.95,7733000,0.0,0.0
2023-05-24 00:00:00-04:00,111.78,111.98,110.25,111.28,4509500,0.0,0.0
2023-05-25 00:00:00-04:00,111.18,111.18,108.82,110.0,7037500,0.0,0.0
2023-05-26 00:00:00-04:00,109.71,110.87,108.39,108.8,6378200,0.0,0.0
2023-05-30 00:00:00-04:00,107.88,108.45,106.74,106.94,7768100,0.0,0.0
2023-05-31 00:00:00-04:00,106.25,108.88,106.25,108.15,14563500,0.0,0.0
2023-06-01 00:00:00-04:00,108.4,109.31,107.63,108.66,6959900,0.0,0.0
2023-06-02 00:00:00-04:00,108.84,110.42,108.46,110.22,5791500,0.0,0.0
2023-06-05 00:00:00-04:00,110.69,112.14,110.6,110.8,5185500,0.0,0.0
2023-06-06 00:00:00-04:00,111.23,111.39,107.04,107.76,6960200,0.0,0.0
2023-06-07 00:00:00-04:00,107.39,107.43,104.68,106.39,12420500,0.0,0.0
2023-06-08 00:00:00-04:00,106.09,108.8,105.79,108.06,8352700,0.0,0.0
2023-06-09 00:00:00-04:00,107.94,109.23,106.79,108.45,6521900,0.0,0.0
2023-06-12 00:00:00-04:00,107.94,108.72,106.38,107.61,7468500,0.0,0.0
2023-06-13 00:00:00-04:00,106.37,108.38,105.84,107.74,7304200,0.0,0.0
2023-06-14 00:00:00-04:00,108.19,108.4,106.84,107.15,6137300,0.73,0.0
2023-06-15 00:00:00-04:00,106.89,108.37,106.83,107.88,7305700,0.0,0.0
2023-06-16 00:00:00-04:00,107.98,108.92,107.54,107.8,15844300,0.0,0.0
2023-06-20 00:00:00-04:00,107.56,109.32,107.51,108.7,7744400,0.0,0.0
2023-06-21 00:00:00-04:00,108.58,109.97,108.0,109.61,6854800,0.0,0.0
2023-06-22 00:00:00-04:00,110.05,112.26,110.05,112.14,7884100,0.0,0.0
2023-06-23 00:00:00-04:00,112.57,113.31,111.45,113.01,16407900,0.0,0.0
2023-06-26 00:00:00-04:00,112.85,113.01,110.22,111.51,7685100,0.0,0.0
2023-06-27 00:00:00-04:00,111.26,112.13,110.31,111.74,7093900,0.0,0.0
2023-06-28 00:00:00-04:00,111.87,111.99,109.89,110.88,8173800,0.0,0.0
2023-06-29 00:00:00-04:00,110.69,112.3,110.25,111.96,6281800,0.0,0.0
2023-06-30 00:00:00-04:00,112.21,114.0,111.85,113.78,8090600,0.0,0.0
2023-07-03 00:00:00-04:00,112.88,113.03,111.95,112.74,2834600,0.0,0.0
2023-07-05 00:00:00-04:00,112.45,112.84,111.84,112.12,5861500,0.0,0.0
2023-07-06 00:00:00-04:00,111.33,111.86,110.16,110.2,7257400,0.0,0.0
2023-07-07 00:00:00-04:00,109.52,109.95,107.25,107.48,11314800,0.0,0.0
2023-07-10 00:00:00-04:00,107.62,109.06,107.58,108.43,5949200,0.0,0.0
2023-07-11 00:00:00-04:00,107.96,108.49,106.74,107.19,6084900,0.0,0.0
2023-07-12 00:00:00-04:00,106.86,107.53,105.7,105.97,8376700,0.0,0.0
2023-07-13 00:00:00-04:00,105.84,106.41,104.78,104.84,9764400,0.0,0.0
2023-07-14 00:00:00-04:00,104.78,106.18,104.78,105.85,7209300,0.0,0.0
2023-07-17 00:00:00-04:00,105.55,105.95,103.83,104.1,7376400,0.0,0.0
2023-07-18 00:00:00-04:00,104.41,105.54,103.88,104.48,7499100,0.0,0.0
2023-07-19 00:00:00-04:00,104.68,105.89,104.44,104.48,6608600,0.0,0.0
2023-07-20 00:00:00-04:00,105.07,107.43,104.58,106.95,8073000,0.0,0.0
2023-07-21 00:00:00-04:00,107.22,109.08,106.87,108.85,8193500,0.0,0.0
2023-07-24 00:00:00-04:00,108.46,108.81,106.99,107.28,6045500,0.0,0.0
2023-07-25 00:00:00-04:00,106.14,107.21,105.83,106.03,6498700,0.0,0.0
2023-07-26 00:00:00-04:00,105.31,106.51,104.58,105.65,7042700,0.0,0.0
2023-07-27 00:00:00-04:00,105.75,106.12,103.71,103.81,9813100,0.0,0.0
2023-07-28 00:00:00-04:00,103.96,105.17,103.78,104.86,6903800,0.0,0.0
2023-07-31 00:00:00-04:00,105.07,105.28,104.2,105.17,7397500,0.0,0.0
2023-08-01 00:00:00-04:00,108.08,108.08,103.68,103.82,10009200,0.0,0.0
2023-08-02 00:00:00-04:00,104.55,106.64,103.42,104.23,10873500,0.0,0.0
2023-08-03 00:00:00-04:00,103.62,104.31,103.41,104.26,6039300,0.0,0.0
2023-08-04 00:00:00-04:00,104.17,104.94,103.06,103.54,6700700,0.0,0.0
2023-08-07 00:00:00-04:00,103.83,104.8,102.97,104.61,8259100,0.0,0.0
2023-08-08 00:00:00-04:00,104.22,105.7,104.22,104.93,10152200,0.0,0.0
2023-08-09 00:00:00-04:00,104.79,105.3,104.32,104.62,6479500,0.0,0.0
2023-08-10 00:00:00-04:00,104.73,105.55,103.95,104.1,6525700,0.0,0.0
2023-08-11 00:00:00-04:00,104.48,106.21,104.12,105.95,5904300,0.0,0.0
2023-08-14 00:00:00-04:00,106.42,107.91,105.82,107.39,8427200,0.0,0.0
2023-08-15 00:00:00-04:00,107.38,107.9,106.91,107.15,5118700,0.0,0.0
2023-08-16 00:00:00-04:00,106.99,107.95,106.77,107.22,5332900,0.0,0.0
2023-08-17 00:00:00-04:00,107.15,108.75,106.81,107.4,6457800,0.0,0.0
2023-08-18 00:00:00-04:00,107.45,107.98,106.7,107.68,6710400,0.0,0.0
2023-08-21 00:00:00-04:00,107.57,108.47,107.43,108.11,6012500,0.0,0.0
2023-08-22 00:00:00-04:00,108.08,108.08,105.71,105.74,6026000,0.0,0.0
2023-08-23 00:00:00-04:00,108.46,110.33,108.29,109.75,10588200,0.0,0.0
2023-08-24 00:00:00-04:00,109.41,110.46,107.57,107.93,6487700,0.0,0.0
2023-08-25 00:00:00-04:00,108.41,108.8,107.46,108.68,4839100,0.0,0.0
2023-08-28 00:00:00-04:00,108.7,109.07,107.14,107.41,4335600,0.0,0.0
2023-08-29 00:00:00-04:00,107.76,108.98,107.41,108.46,5673100,0.0,0.0
2023-08-30 00:00:00-04:00,108.77,109.26,108.19,108.68,4785000,0.0,0.0
2023-08-31 00:00:00-04:00,108.59,109.0,107.38,107.46,9212000,0.0,0.0
2023-09-01 00:00:00-04:00,108.12,108.83,107.73,108.31,4941300,0.0,0.0
2023-09-05 00:00:00-04:00,107.94,108.19,105.99,106.01,6379900,0.0,0.0
2023-09-06 00:00:00-04:00,105.27,105.51,103.46,105.01,7926100,0.0,0.0
2023-09-07 00:00:00-04:00,105.42,107.18,105.37,106.44,8532600,0.0,0.0
2023-09-08 00:00:00-04:00,106.04,107.62,106.04,107.53,6807500,0.0,0.0
2023-09-11 00:00:00-04:00,107.81,107.92,106.83,107.09,5069300,0.0,0.0
2023-09-12 00:00:00-04:00,106.91,107.96,106.05,107.5,4605400,0.0,0.0
2023-09-13 00:00:00-04:00,107.46,108.14,106.17,106.31,6761500,0.0,0.0
2023-09-14 00:00:00-04:00,106.92,107.73,106.19,107.46,6872400,0.73,0.0
2023-09-15 00:00:00-04:00,107.34,108.15,106.49,106.75,9639000,0.0,0.0
2023-09-18 00:00:00-04:00,107.0,107.16,106.08,107.04,3911300,0.0,0.0
2023-09-19 00:00:00-04:00,106.88,107.4,106.14,106.59,5818300,0.0,0.0
2023-09-20 00:00:00-04:00,107.43,107.62,106.48,106.54,4593600,0.0,0.0
2023-09-21 00:00:00-04:00,106.5,107.1,105.65,105.96,5856600,0.0,0.0
2023-09-22 00:00:00-04:00,106.45,106.45,105.2,105.58,5027200,0.0,0.0
2023-09-25 00:00:00-04:00,105.29,105.43,104.35,105.08,6052200,0.0,0.0
2023-09-26 00:00:00-04:00,104.36,105.78,104.35,104.63,5400500,0.0,0.0
2023-09-27 00:00:00-04:00,104.69,104.76,102.56,103.19,5635500,0.0,0.0
2023-09-28 00:00:00-04:00,103.82,104.22,103.03,103.55,4758800,0.0,0.0
2023-09-29 00:00:00-04:00,103.61,103.93,101.97,102.21,7232700,0.0,0.0
2023-10-02 00:00:00-04:00,102.09,102.09,100.62,101.81,7079700,0.0,0.0
2023-10-03 00:00:00-04:00,101.51,101.7,100.19,101.04,5924000,0.0,0.0
2023-10-04 00:00:00-04:00,100.85,101.69,100.6,101.44,6720500,0.0,0.0
2023-10-05 00:00:00-04:00,101.62,102.96,101.6,102.86,6449100,0.0,0.0
2023-10-06 00:00:00-04:00,102.98,103.68,102.18,103.13,6854900,0.0,0.0
2023-10-09 00:00:00-04:00,102.76,104.43,102.57,103.75,5061100,0.0,0.0
2023-10-10 00:00:00-04:00,103.57,103.71,102.42,102.87,7177200,0.0,0.0
2023-10-11 00:00:00-04:00,103.25,103.46,102.11,102.72,5375100,0.0,0.0
2023-10-12 00:00:00-04:00,102.78,103.2,102.19,102.85,5124000,0.0,0.0
2023-10-13 00:00:00-04:00,102.87,103.77,102.04,103.26,5787500,0.0,0.0
2023-10-16 00:00:00-04:00,103.45,104.61,103.31,103.39,6473500,0.0,0.0
2023-10-17 00:00:00-04:00,103.25,103.74,102.41,103.42,5827200,0.0,0.0
2023-10-18 00:00:00-04:00,103.36,103.71,101.18,101.26,7136400,0.0,0.0
2023-10-19 00:00:00-04:00,100.93,101.0,98.43,99.71,7647600,0.0,0.0
2023-10-20 00:00:00-04:00,99.27,102.62,99.27,101.93,12466800,0.0,0.0
2023-10-23 00:00:00-04:00,102.09,103.4,101.93,102.61,8493000,0.0,0.0
2023-10-24 00:00:00-04:00,102.58,103.31,101.94,102.29,6347900,0.0,0.0
2023-10-25 00:00:00-04:00,102.61,103.86,102.21,102.89,7849200,0.0,0.0
2023-10-26 00:00:00-04:00,102.36,106.46,102.25,104.79,11335700,0.0,0.0
2023-10-27 00:00:00-04:00,104.56,104.81,101.49,102.08,8933800,0.0,0.0
2023-10-30 00:00:00-04:00,102.54,103.75,101.87,101.94,6915500,0.0,0.0
2023-10-31 00:00:00-04:00,102.03,102.81,100.67,101.96,7522600,0.0,0.0
2023-11-01 00:00:00-04:00,102.81,103.48,101.99,102.11,5838100,0.0,0.0
2023-11-02 00:00:00-04:00,102.0,102.32,100.92,102.11,5379100,0.0,0.0
2023-11-03 00:00:00-04:00,102.63,103.5,102.04,102.64,6005900,0.0,0.0
2023-11-06 00:00:00-05:00,103.33,103.62,102.4,103.59,5951200,0.0,0.0
2023-11-07 00:00:00-05:00,103.6,103.97,102.98,103.25,6616400,0.0,0.0
2023-11-08 00:00:00-05:00,103.23,104.41,103.09,103.65,8152100,0.0,0.0
2023-11-09 00:00:00-05:00,103.96,103.96,101.42,101.64,7377000,0.0,0.0
2023-11-10 00:00:00-05:00,102.1,102.62,99.88,100.66,7627100,0.0,0.0
2023-11-13 00:00:00-05:00,100.36,101.81,99.86,101.73,5878200,0.0,0.0
2023-11-14 00:00:00-05:00,101.92,102.48,101.17,101.44,6944400,0.0,0.0
2023-11-15 00:00:00-05:00,101.15,101.44,100.0,100.62,7392600,0.0,0.0
2023-11-16 00:00:00-05:00,101.1,101.33,100.3,101.26,7889700,0.0,0.0
2023-11-17 00:00:00-05:00,101.27,101.68,100.23,101.02,6767000,0.0,0.0
2023-11-20 00:00:00-05:00,100.24,102.19,100.16,101.94,7449900,0.0,0.0
2023-11-21 00:00:00-05:00,102.26,102.89,101.12,101.48,7403500,0.0,0.0
2023-11-22 00:00:00-05:00,101.47,101.94,100.38,100.95,5724000,0.0,0.0
2023-11-24 00:00:00-05:00,101.52,101.77,100.71,101.14,3168000,0.0,0.0
2023-11-27 00:00:00-05:00,101.18,101.42,99.98,100.7,7356500,0.0,0.0
2023-11-28 00:00:00-05:00,100.58,100.62,99.29,99.46,8738500,0.0,0.0
2023-11-29 00:00:00-05:00,99.56,100.44,99.08,100.4,10286800,0.0,0.0
2023-11-30 00:00:00-05:00,100.12,101.95,99.56,101.74,29299700,0.0,0.0
2023-12-01 00:00:00-05:00,102.11,102.93,101.92,102.72,6856400,0.0,0.0
2023-12-04 00:00:00-05:00,102.98,104.62,102.98,104.3,10169900,0.0,0.0
2023-12-05 00:00:00-05:00,104.17,105.64,103.43,105.47,10789100,0.0,0.0
2023-12-06 00:00:00-05:00,105.49,105.8,104.67,104.87,9954800,0.0,0.0
2023-12-07 00:00:00-05:00,104.83,104.84,102.98,103.13,9602200,0.0,0.0
2023-12-08 00:00:00-05:00,103.04,103.26,101.91,103.0,7530000,0.0,0.0
2023-12-11 00:00:00-05:00,104.1,104.71,102.83,103.62,7429700,0.0,0.0
2023-12-12 00:00:00-05:00,103.73,104.04,102.68,103.61,7933500,0.0,0.0
2023-12-13 00:00:00-05:00,103.41,106.34,103.22,106.34,10995000,0.0,0.0
2023-12-14 00:00:00-05:00,106.68,107.21,105.14,105.88,10723000,0.77,0.0
2023-12-15 00:00:00-05:00,104.89,106.27,104.26,105.11,26392900,0.0,0.0
2023-12-18 00:00:00-05:00,106.16,107.21,105.63,106.04,12805600,0.0,0.0
2023-12-19 00:00:00-05:00,106.05,106.66,105.44,106.49,8043100,0.0,0.0
2023-12-20 00:00:00-05:00,107.14,107.14,105.24,105.36,8441600,0.0,0.0
2023-12-21 00:00:00-05:00,105.79,106.61,105.34,106.39,5919400,0.0,0.0
2023-12-22 00:00:00-05:00,107.15,108.06,106.84,107.7,6028100,0.0,0.0
