Date,Open,High,Low,Close,Volume,Open Interest
2014-04-01,124.25,124.25,122.35,124.4,8458.0,2528.0
2014-04-02,122.5,123.7,122.1,122.45,9275.0,2559.0
2014-04-03,123.0,124.3,122.45,123.0,10047.0,2424.0
2014-04-04,124.3,124.75,123.0,124.2,9162.0,2734.0
2014-04-07,123.3,124.25,123.0,123.35,8829.0,2752.0
2014-04-08,123.75,124.7,123.55,124.5,5257.0,2783.0
2014-04-09,124.85,126.25,124.7,124.8,10616.0,2966.0
2014-04-10,125.75,127.35,125.6,125.75,11615.0,2961.0
2014-04-11,127.6,128.8,125.8,127.75,14677.0,3269.0
2014-04-14,126.2,127.55,126.2,125.75,5102.0,2997.0
2014-04-15,127.15,127.3,125.4,127.4,10132.0,2799.0
2014-04-16,126.5,128.65,125.8,126.7,12045.0,2803.0
2014-04-17,128.35,129.1,127.75,128.35,9623.0,2603.0
2014-04-21,128.7,129.7,128.0,128.8,5145.0,2783.0
2014-04-22,129.15,131.1,129.15,129.5,10176.0,2696.0
2014-04-23,131.2,132.25,130.35,131.0,12152.0,2410.0
2014-04-25,131.4,131.65,129.45,130.85,11045.0,2342.0
2014-04-28,132.0,132.0,130.0,132.85,50.0,61.0
2014-04-29,130.05,130.05,128.45,130.1,46.0,82.0
2014-04-30,128.15,128.75,127.7,128.45,84.0,93.0
2014-05-01,127.05,127.1,126.45,128.05,50.0,93.0
2014-05-02,126.4,127.45,126.2,126.9,146.0,117.0
2014-05-05,127.2,128.0,127.15,127.2,122.0,130.0
2014-05-06,127.45,128.4,127.3,127.1,225.0,142.0
2014-05-07,128.1,128.1,125.55,127.25,242.0,147.0
2014-05-08,126.4,126.9,125.35,125.8,301.0,181.0
2014-05-09,126.7,127.1,125.6,126.55,197.0,195.0
2014-05-12,125.75,127.9,125.7,125.7,212.0,223.0
2014-05-13,127.9,128.4,126.7,127.6,222.0,234.0
2014-05-14,127.65,128.95,127.3,126.55,137.0,234.0
2014-05-15,128.3,128.3,126.55,128.65,269.0,242.0
2014-05-16,125.75,126.5,124.6,126.4,204.0,244.0
2014-05-19,125.6,126.5,125.55,125.8,102.0,254.0
2014-05-20,126.4,127.1,125.0,126.05,347.0,287.0
2014-05-21,126.0,126.1,123.7,125.45,419.0,293.0
2014-05-22,125.05,125.25,124.1,124.9,346.0,339.0
2014-05-23,124.9,125.9,124.8,124.7,310.0,366.0
2014-05-26,125.7,126.4,125.45,125.5,356.0,431.0
2014-05-27,126.4,126.8,126.0,126.4,669.0,528.0
2014-05-28,126.5,126.8,125.25,126.15,728.0,613.0
2014-05-29,125.0,125.0,123.45,125.65,2737.0,912.0
2014-05-30,124.15,124.9,123.5,124.5,7090.0,1793.0
2014-06-02,123.9,125.45,123.65,123.75,10333.0,1935.0
2014-06-03,125.15,127.0,124.9,125.55,11325.0,2179.0
2014-06-04,126.05,126.25,124.35,126.4,12086.0,2673.0
2014-06-05,124.4,124.9,123.7,124.5,11102.0,3205.0
2014-06-06,123.8,124.7,122.65,124.0,14377.0,3123.0
2014-06-09,123.6,126.65,123.35,124.0,12595.0,2986.0
2014-06-10,126.1,126.7,125.05,126.45,11559.0,2765.0
2014-06-11,126.45,126.9,124.9,126.15,12564.0,3059.0
2014-06-12,124.85,125.05,122.05,124.7,15474.0,4286.0
2014-06-13,122.6,124.2,122.5,122.0,11731.0,3170.0
2014-06-16,124.25,125.7,124.25,124.05,10384.0,3341.0
2014-06-17,125.75,126.95,125.7,125.65,10448.0,3642.0
2014-06-18,126.55,127.7,126.05,126.95,12231.0,2794.0
2014-06-19,126.05,127.15,125.3,126.35,11796.0,2871.0
2014-06-20,127.5,128.35,126.6,127.4,11867.0,2691.0
2014-06-23,127.6,129.6,127.6,127.2,12022.0,2898.0
2014-06-24,129.15,130.4,128.8,129.5,11737.0,2929.0
2014-06-25,129.7,130.3,128.5,129.8,13279.0,2767.0
2014-06-26,129.2,129.65,128.9,128.75,9173.0,2464.0
2014-06-27,128.95,129.5,127.85,129.15,7742.0,2035.0
2014-06-30,129.8,130.6,129.05,129.45,7222.0,2128.0
2014-07-01,130.1,130.95,129.1,130.05,10724.0,2356.0
2014-07-02,128.85,131.2,128.05,128.8,15403.0,2244.0
2014-07-03,131.2,132.6,130.0,131.35,16131.0,2494.0
2014-07-04,129.5,130.2,129.3,130.15,6989.0,2453.0
2014-07-07,129.55,131.35,129.35,129.8,10012.0,2766.0
2014-07-08,130.35,131.9,130.1,130.75,12822.0,2597.0
2014-07-09,131.5,132.05,129.8,131.7,11935.0,2544.0
2014-07-10,130.0,131.3,129.15,129.95,12406.0,2383.0
2014-07-11,131.4,132.35,130.65,131.65,10585.0,2387.0
2014-07-14,132.0,132.85,131.65,132.1,10001.0,2437.0
2014-07-15,131.8,132.55,131.2,131.95,9307.0,2767.0
2014-07-16,132.25,132.9,131.55,132.15,12374.0,2275.0
2014-07-17,130.8,131.9,130.3,130.75,11362.0,2244.0
2014-07-18,131.65,131.75,130.05,131.7,10419.0,2159.0
2014-07-21,130.8,133.15,130.2,131.15,10484.0,2812.0
2014-07-22,132.95,133.75,132.7,132.7,3774.0,3218.0
2014-07-23,132.8,133.05,130.6,132.8,12536.0,2268.0
2014-07-24,132.0,133.7,131.75,131.35,11800.0,2483.0
2014-07-25,134.05,136.25,134.05,133.85,15254.0,2262.0
2014-07-28,136.3,137.55,135.85,135.95,12535.0,2227.0
2014-07-29,136.35,136.35,135.4,137.4,8391.0,1912.0
2014-07-30,134.45,136.1,132.3,133.95,15546.0,1652.0
2014-07-31,135.55,136.7,134.8,136.95,9184.0,2154.0
2014-08-01,135.2,136.45,134.35,135.3,13833.0,2739.0
2014-08-04,135.75,140.75,135.4,136.25,16735.0,3214.0
2014-08-05,138.15,138.25,136.05,138.75,12837.0,2763.0
2014-08-06,136.6,138.1,135.25,136.6,15284.0,2776.0
2014-08-07,137.5,139.35,136.5,137.5,16602.0,3881.0
2014-08-08,138.75,139.0,136.65,139.25,13107.0,2506.0
2014-08-11,136.55,138.4,136.1,136.95,10692.0,2822.0
2014-08-12,137.5,139.2,137.5,138.1,10156.0,3039.0
2014-08-13,138.2,138.75,135.35,138.45,12798.0,2749.0
2014-08-14,135.25,135.35,133.65,134.7,10739.0,2605.0
2014-08-18,134.25,134.8,133.8,133.75,7798.0,2592.0
2014-08-19,134.25,135.6,134.1,134.2,10612.0,2760.0
2014-08-20,135.5,136.9,135.05,135.35,10573.0,2507.0
2014-08-21,136.3,137.25,135.85,136.75,10734.0,2278.0
2014-08-22,136.05,136.75,135.8,135.9,7228.0,2265.0
2014-08-25,136.25,136.9,135.9,136.15,4612.0,2395.0
2014-08-26,136.0,137.1,135.9,136.95,8600.0,2038.0
2014-08-27,135.6,136.05,134.9,135.7,6446.0,1878.0
2014-08-28,136.3,137.6,135.75,136.6,7077.0,1917.0
2014-08-29,136.6,136.7,135.8,136.3,4259.0,1859.0
2014-09-01,136.05,136.05,134.65,135.85,6056.0,2077.0
2014-09-02,135.25,136.5,135.25,135.0,8387.0,1854.0
2014-09-03,135.65,135.7,133.35,135.55,9240.0,2120.0
2014-09-04,133.65,134.9,133.6,133.4,7961.0,1786.0
2014-09-05,134.6,134.85,132.55,134.6,9002.0,2303.0
2014-09-08,132.75,133.8,132.25,132.95,9622.0,2205.0
2014-09-09,132.25,132.25,131.05,132.7,13165.0,2538.0
2014-09-10,130.15,130.25,128.0,129.85,13062.0,2828.0
2014-09-11,129.05,129.25,127.9,129.15,11941.0,2612.0
2014-09-12,129.05,129.9,128.3,128.95,9949.0,2479.0
2014-09-15,128.95,129.05,127.9,129.6,9739.0,2660.0
2014-09-16,128.5,130.7,127.3,128.1,14503.0,2168.0
2014-09-17,129.6,129.8,127.6,129.95,11195.0,2725.0
2014-09-18,127.95,128.0,125.75,127.95,11894.0,3412.0
2014-09-19,126.2,127.0,125.5,125.8,11418.0,3010.0
2014-09-22,126.05,126.1,124.4,126.7,9702.0,2480.0
2014-09-23,126.4,126.95,125.8,126.4,8606.0,2869.0
2014-09-24,125.7,127.2,125.15,125.8,9606.0,2459.0
2014-09-25,126.7,127.5,126.25,126.95,8014.0,2314.0
2014-09-26,127.1,127.75,126.45,126.7,6425.0,2098.0
2014-09-29,126.8,126.8,126.8,126.8,7912.0,1593.0
2014-09-30,129.6,130.85,129.5,130.2,6517.0,1614.0
2014-10-01,129.45,130.35,127.95,129.55,9786.0,1720.0
2014-10-03,129.05,129.65,128.55,130.05,2607.0,1716.0
2014-10-06,128.75,128.75,128.75,128.75,3004.0,1867.0
2014-10-07,129.55,130.45,128.65,129.55,9757.0,2382.0
2014-10-08,128.65,129.3,127.45,128.55,8173.0,2443.0
2014-10-09,128.0,128.4,126.8,127.8,7277.0,2463.0
2014-10-10,127.15,127.2,125.5,127.0,8421.0,2515.0
2014-10-13,126.8,127.7,126.0,126.5,8337.0,2710.0
2014-10-14,126.3,127.15,125.8,126.05,9531.0,2568.0
2014-10-16,125.4,125.4,121.25,126.25,14031.0,3152.0
2014-10-17,122.6,124.55,121.7,122.4,10943.0,2542.0
2014-10-20,123.95,124.6,123.2,124.2,7857.0,2586.0
2014-10-21,122.85,123.8,121.6,122.9,8133.0,2428.0
2014-10-22,123.9,126.2,123.5,124.05,8552.0,2576.0
2014-10-23,123.2,123.95,122.55,124.1,1188.0,2583.0
2014-10-24,123.85,123.85,123.85,123.85,3911.0,3175.0
2014-10-27,121.65,123.4,121.25,121.4,8302.0,2642.0
2014-10-28,123.55,123.95,123.35,123.35,7951.0,2363.0
2014-10-29,124.1,124.65,123.7,124.1,7975.0,2287.0
2014-10-30,124.0,124.1,123.4,124.45,7253.0,1984.0
2014-10-31,123.85,125.35,123.2,123.85,7434.0,2354.0
2014-11-03,124.3,124.3,123.55,123.9,8738.0,2557.0
2014-11-04,125.05,125.05,125.05,125.05,6119.0,2621.0
2014-11-05,122.7,122.7,120.3,123.05,13223.0,2411.0
2014-11-06,122.45,122.45,122.45,122.45,6328.0,2542.0
2014-11-07,124.1,125.5,123.35,124.1,8960.0,2680.0
2014-11-10,124.75,126.1,124.75,124.8,8274.0,2635.0
2014-11-11,125.5,125.6,124.05,125.65,8295.0,2544.0
2014-11-12,125.55,126.4,125.2,125.8,7648.0,2599.0
2014-11-13,125.85,126.3,125.55,125.75,9313.0,2706.0
2014-11-14,124.35,125.0,123.85,124.15,8780.0,2639.0
2014-11-17,125.85,126.1,125.15,126.0,6598.0,2635.0
2014-11-18,125.8,126.05,125.3,126.05,8268.0,2529.0
2014-11-19,125.15,126.15,124.85,124.7,10172.0,2643.0
2014-11-20,126.15,126.15,125.5,126.1,5577.0,2485.0
2014-11-21,125.7,128.1,125.7,125.95,9355.0,2513.0
2014-11-24,126.4,127.6,126.3,126.1,6393.0,2285.0
2014-11-25,127.1,127.95,127.1,126.95,7560.0,2207.0
2014-11-26,126.4,126.85,125.8,126.55,9346.0,2005.0
2014-11-27,127.45,127.55,126.9,127.4,5063.0,1783.0
2014-11-28,127.55,127.7,126.15,127.6,5400.0,1293.0
2014-12-01,126.45,126.65,125.55,127.05,9503.0,1524.0
2014-12-02,127.7,127.85,125.95,128.05,8475.0,1817.0
2014-12-03,125.3,126.65,125.3,125.95,7860.0,1981.0
2014-12-04,126.25,126.9,126.0,125.45,2897.0,2204.0
2014-12-05,126.1,127.2,125.75,126.25,6869.0,1887.0
2014-12-08,126.15,126.65,125.5,126.2,6100.0,1927.0
2014-12-09,126.25,126.3,124.85,125.95,9233.0,2075.0
2014-12-10,125.25,125.5,125.0,125.5,5774.0,1975.0
2014-12-11,125.7,126.0,124.3,125.25,9538.0,2432.0
2014-12-12,124.2,124.95,123.35,123.95,6715.0,2080.0
2014-12-15,124.65,125.5,124.65,124.5,6488.0,2075.0
2014-12-16,124.7,124.8,123.4,124.7,10968.0,2634.0
2014-12-17,122.0,122.1,119.25,122.05,13934.0,3707.0
2014-12-18,119.25,119.3,115.85,118.95,14579.0,3416.0
2014-12-19,116.75,119.5,116.75,116.45,12986.0,2500.0
2014-12-22,119.0,119.1,118.1,119.25,8053.0,2558.0
2014-12-23,118.2,119.0,118.1,118.05,7699.0,2470.0
2014-12-24,117.7,118.45,116.9,117.6,6392.0,2349.0
2014-12-26,118.1,118.8,117.4,118.1,4276.0,2409.0
2014-12-29,117.9,118.1,116.3,117.6,6577.0,2584.0
2014-12-30,115.3,115.75,114.7,115.4,10661.0,2051.0
2014-12-31,119.5,119.8,118.1,119.85,6112.0,1989.0
2015-01-01,117.6,118.9,117.35,117.7,1864.0,2045.0
2015-01-02,118.1,118.1,116.85,118.05,12035.0,2068.0
2015-01-05,119.0,119.1,118.0,118.9,11622.0,2205.0
2015-01-06,117.4,118.1,116.75,117.2,11614.0,2055.0
2015-01-07,117.1,117.6,116.3,117.2,11992.0,2658.0
2015-01-08,116.45,116.45,116.45,116.45,12044.0,2575.0
2015-01-09,115.75,116.2,114.65,115.75,5834.0,3345.0
2015-01-12,115.55,115.55,115.55,115.55,10763.0,2864.0
2015-01-13,115.4,115.4,115.4,115.4,11946.0,2689.0
2015-01-14,112.75,112.75,112.75,112.75,17984.0,2464.0
2015-01-15,108.8,108.8,108.8,108.8,11574.0,2185.0
2015-01-16,109.5,113.9,109.5,109.1,14337.0,2093.0
2015-01-19,113.8,113.8,113.8,113.8,11330.0,2141.0
2015-01-20,114.05,114.05,114.05,114.05,13161.0,2294.0
2015-01-21,117.4,117.4,117.4,117.4,13644.0,1812.0
2015-01-22,117.2,117.2,117.2,117.2,10065.0,1903.0
2015-01-23,115.05,115.05,115.05,115.05,8276.0,2029.0
2015-01-27,112.25,112.25,112.25,112.25,8330.0,1983.0
2015-01-28,114.1,114.1,114.1,114.1,8472.0,1666.0
2015-01-29,114.55,114.55,114.55,114.55,8576.0,1695.0
2015-01-30,115.3,115.3,115.3,115.3,6456.0,1292.0
2015-02-02,115.55,115.55,115.55,115.55,8077.0,1868.0
2015-02-03,114.05,114.05,114.05,114.05,8481.0,2046.0
2015-02-04,114.4,114.4,114.4,114.4,9458.0,1747.0
2015-02-05,115.3,115.3,115.3,115.3,9309.0,2017.0
2015-02-06,114.15,114.15,114.15,114.15,6775.0,1871.0
2015-02-09,114.85,114.85,114.85,114.85,8002.0,2049.0
2015-02-10,114.9,114.9,114.9,114.9,9533.0,1879.0
2015-02-11,114.3,114.3,114.3,114.3,9545.0,2952.0
2015-02-12,112.25,112.25,112.25,112.25,8530.0,2084.0
2015-02-13,113.7,113.7,113.7,113.7,5697.0,2054.0
2015-02-16,114.25,114.25,114.25,114.25,4603.0,2241.0
2015-02-17,113.8,113.8,113.8,113.8,5833.0,3012.0
2015-02-18,111.05,111.05,111.05,111.05,8855.0,2492.0
2015-02-19,111.85,111.85,111.85,111.85,7369.0,2700.0
2015-02-20,111.0,111.0,111.0,111.0,7485.0,4050.0
2015-02-23,109.05,109.05,109.05,109.05,7097.0,3697.0
2015-02-24,109.05,109.05,109.05,109.05,8224.0,3631.0
2015-02-25,109.2,109.2,109.2,109.2,8960.0,4073.0
2015-02-26,107.55,107.55,107.55,107.55,8731.0,2798.0
2015-02-27,109.35,109.35,109.35,109.35,9571.0,5068.0
2015-03-02,107.7,107.7,107.7,107.7,7686.0,4417.0
2015-03-03,108.6,108.6,108.6,108.6,7649.0,4073.0
2015-03-04,108.8,108.8,108.8,108.8,10578.0,3295.0
2015-03-05,111.25,111.25,111.25,111.25,10311.0,3220.0
2015-03-09,114.55,114.55,114.55,114.55,10317.0,3012.0
2015-03-10,115.7,115.7,115.7,115.7,10429.0,2337.0
2015-03-11,114.6,114.6,114.6,114.6,8661.0,2104.0
2015-03-12,113.4,113.4,113.4,113.4,7736.0,2081.0
2015-03-13,114.2,114.2,114.2,114.2,14241.0,2636.0
2015-03-16,111.95,111.95,111.95,111.95,9487.0,3158.0
2015-03-17,110.0,110.0,110.0,110.0,12496.0,3742.0
2015-03-18,108.95,108.95,108.95,108.95,14087.0,5194.0
2015-03-19,106.0,106.0,106.0,106.0,13687.0,4175.0
2015-03-20,107.25,111.6,107.05,107.65,16207.0,2742.0
2015-03-23,111.4,111.4,111.4,111.4,17839.0,2876.0
2015-03-24,114.9,114.9,114.9,114.9,16094.0,2612.0
2015-03-25,115.55,115.55,115.55,115.55,10910.0,2595.0
2015-03-26,115.25,115.25,115.25,115.25,11834.0,2009.0
2015-03-27,115.8,115.8,115.8,115.8,8052.0,2035.0
2015-03-30,114.2,114.2,114.2,114.2,8019.0,2030.0
2015-03-31,114.8,114.8,114.8,114.8,7342.0,1259.0
2015-04-01,113.9,113.9,113.9,113.9,12684.0,1599.0
2015-04-02,115.7,115.7,115.7,115.7,6982.0,2213.0
2015-04-06,117.0,118.35,117.0,117.0,2358.0,2557.0
2015-04-07,117.2,117.2,117.2,117.2,10909.0,2417.0
2015-04-08,118.75,118.75,118.75,118.75,11210.0,3208.0
2015-04-09,120.0,120.0,120.0,120.0,13404.0,3865.0
2015-04-10,122.45,125.15,122.45,122.6,14780.0,4123.0
2015-04-13,124.5,124.5,124.5,124.5,15625.0,3457.0
2015-04-14,123.35,123.35,123.35,123.35,7566.0,3588.0
2015-04-15,123.7,123.7,123.7,123.7,12376.0,3751.0
2015-04-16,124.75,124.75,124.75,124.75,13191.0,4406.0
2015-04-17,127.45,128.2,126.4,127.5,13113.0,3817.0
2015-04-20,127.15,127.15,127.15,127.15,12045.0,3910.0
2015-04-21,127.5,127.5,127.5,127.5,12004.0,4198.0
2015-04-22,128.25,128.25,128.25,128.25,12459.0,4261.0
2015-04-23,128.95,128.95,128.95,128.95,12706.0,3765.0
2015-04-24,128.75,128.75,128.75,128.75,14804.0,4088.0
2015-04-27,132.55,133.3,132.3,131.95,4617.0,4369.0
2015-04-28,133.5,133.5,133.5,133.5,10256.0,3247.0
2015-04-29,131.75,131.75,131.75,131.75,9079.0,2651.0
2015-04-30,133.65,133.65,133.65,133.65,9884.0,3867.0
2015-05-01,135.65,135.65,135.65,135.65,5874.0,3819.0
2015-05-04,136.05,136.05,136.05,136.05,2802.0,3865.0
2015-05-05,135.4,135.4,135.4,135.4,11857.0,3909.0
2015-05-06,137.35,137.35,137.35,137.35,17215.0,3192.0
2015-05-07,133.15,133.15,133.15,133.15,14653.0,2980.0
2015-05-08,133.35,133.35,133.35,133.35,14785.0,3150.0
2015-05-11,130.55,130.55,130.55,130.55,12725.0,3131.0
2015-05-12,128.6,128.6,128.6,128.6,16641.0,3046.0
2015-05-13,132.2,132.2,132.2,132.2,15783.0,2880.0
2015-05-14,129.25,129.25,129.25,129.25,16450.0,2975.0
2015-05-15,124.45,125.8,124.3,124.3,12974.0,2518.0
2015-05-18,125.25,125.25,125.25,125.25,11538.0,2335.0
2015-05-19,124.85,124.85,124.85,124.85,11667.0,2423.0
2015-05-20,123.6,123.6,123.6,123.6,11696.0,2319.0
2015-05-21,122.95,122.95,122.95,122.95,16701.0,2393.0
2015-05-22,125.55,126.55,122.9,125.2,12361.0,2054.0
2015-05-25,123.1,123.1,123.1,123.1,5046.0,2021.0
2015-05-26,122.95,122.95,122.95,122.95,11146.0,1837.0
2015-05-27,123.65,123.65,123.65,123.65,9563.0,1778.0
2015-05-28,124.2,124.2,124.2,124.2,15203.0,1667.0
2015-05-29,127.95,128.2,123.5,127.1,9221.0,1541.0
2015-06-01,124.45,124.45,124.45,124.45,10076.0,1970.0
2015-06-02,123.05,123.05,123.05,123.05,12112.0,1905.0
2015-06-03,122.9,122.9,122.9,122.9,11280.0,1913.0
2015-06-04,124.95,124.95,124.95,124.95,10436.0,1802.0
2015-06-05,123.5,124.25,121.7,123.45,15472.0,2195.0
2015-06-08,122.05,122.05,122.05,122.05,12817.0,1954.0
2015-06-09,122.5,122.5,122.5,122.5,13054.0,1824.0
2015-06-10,123.45,123.45,123.45,123.45,14767.0,2075.0
2015-06-11,122.75,122.75,122.75,122.75,18445.0,3586.0
2015-06-12,119.3,119.3,119.3,119.3,13904.0,3390.0
2015-06-15,119.25,119.25,119.25,119.25,15459.0,5009.0
2015-06-16,116.1,116.1,116.1,116.1,18194.0,5800.0
2015-06-17,114.9,114.9,114.9,114.9,14238.0,5271.0
2015-06-18,115.35,115.35,115.35,115.35,14334.0,4921.0
2015-06-19,114.75,114.8,112.85,114.4,11318.0,4685.0
2015-06-22,113.0,113.1,111.8,113.0,6106.0,5392.0
2015-06-23,111.5,111.5,111.5,111.5,15994.0,4080.0
2015-06-24,113.35,113.35,113.35,113.35,13346.0,3866.0
2015-06-25,113.0,113.0,113.0,113.0,12976.0,3819.0
2015-06-26,113.45,113.8,111.9,113.45,11617.0,3581.0
2015-06-29,112.25,112.25,112.25,112.25,11836.0,2881.0
2015-06-30,113.9,113.9,113.9,113.9,11944.0,3368.0
2015-07-01,112.3,112.3,112.3,112.3,16602.0,3317.0
2015-07-02,113.85,113.85,113.85,113.85,12925.0,3873.0
2015-07-03,113.05,113.3,111.8,113.05,9169.0,4163.0
2015-07-06,112.15,112.15,112.15,112.15,13698.0,3470.0
2015-07-07,111.9,111.9,111.9,111.9,19148.0,2816.0
2015-07-08,109.75,109.75,109.75,109.75,22965.0,2903.0
2015-07-09,113.0,113.0,113.0,113.0,22263.0,2713.0
2015-07-10,114.75,115.6,113.25,115.1,17133.0,2572.0
2015-07-13,113.7,113.7,113.7,113.7,19005.0,2522.0
2015-07-14,117.05,117.05,117.05,117.05,19374.0,2553.0
2015-07-15,116.95,116.95,116.95,116.95,21298.0,2716.0
2015-07-16,118.15,118.15,118.15,118.15,17654.0,3010.0
2015-07-17,116.0,116.9,115.4,116.0,14353.0,3015.0
2015-07-20,115.9,115.9,115.9,115.9,12615.0,2952.0
2015-07-21,115.05,115.05,115.05,115.05,14699.0,3289.0
2015-07-22,112.95,112.95,112.95,112.95,12505.0,3410.0
2015-07-23,112.05,112.05,112.05,112.05,14596.0,3927.0
2015-07-24,109.9,109.9,109.9,109.9,15426.0,3944.0
2015-07-27,109.5,109.5,109.5,109.5,15969.0,3542.0
2015-07-28,108.5,108.5,108.5,108.5,15846.0,3118.0
2015-07-29,109.75,109.75,109.75,109.75,13039.0,3019.0
2015-07-30,109.1,109.1,109.1,109.1,11809.0,2440.0
2015-07-31,110.15,110.4,109.0,110.4,9461.0,2639.0
2015-08-03,109.1,109.1,109.1,109.1,15852.0,2614.0
2015-08-04,109.4,109.4,109.4,109.4,18251.0,2532.0
2015-08-05,111.1,111.1,111.1,111.1,16447.0,2802.0
2015-08-06,109.45,109.45,109.45,109.45,14151.0,2801.0
2015-08-07,109.0,110.6,107.8,108.9,17737.0,2787.0
2015-08-10,110.05,110.05,110.05,110.05,16535.0,2786.0
2015-08-11,112.25,112.25,112.25,112.25,18117.0,2708.0
2015-08-12,110.4,110.4,110.4,110.4,24062.0,2480.0
2015-08-13,113.5,113.5,113.5,113.5,17591.0,2564.0
2015-08-14,113.45,114.3,112.7,113.55,13179.0,2492.0
2015-08-17,114.1,114.1,114.1,114.1,13821.0,3281.0
2015-08-18,112.55,112.55,112.55,112.55,14966.0,3425.0
2015-08-19,110.25,110.25,110.25,110.25,17612.0,2924.0
2015-08-20,110.7,110.7,110.7,110.7,16151.0,2637.0
2015-08-21,111.75,113.25,110.4,111.75,18471.0,2509.0
2015-08-24,112.45,112.45,108.55,113.05,23310.0,2070.0
2015-08-25,111.2,111.2,111.2,111.2,19092.0,2414.0
2015-08-26,110.8,110.8,110.8,110.8,15594.0,3008.0
2015-08-27,108.35,108.35,108.35,108.35,15822.0,2256.0
2015-08-28,110.65,110.65,110.65,110.65,8352.0,1424.0
2015-08-31,115.4,115.4,115.4,115.4,4979.0,1872.0
2015-09-01,115.95,115.95,115.95,115.95,12560.0,1982.0
2015-09-02,114.95,114.95,114.95,114.95,16408.0,2259.0
2015-09-03,113.8,113.8,113.8,113.8,14579.0,2601.0
2015-09-04,113.3,113.75,111.15,113.35,13114.0,3274.0
2015-09-07,111.3,111.3,111.3,111.3,11320.0,2941.0
2015-09-08,111.9,111.9,111.9,111.9,18577.0,2980.0
2015-09-09,112.55,112.55,112.55,112.55,18655.0,2268.0
2015-09-10,114.15,114.15,114.15,114.15,16773.0,2388.0
2015-09-11,114.9,114.9,114.9,114.9,14095.0,2716.0
2015-09-14,113.2,113.2,113.2,113.2,12927.0,3003.0
2015-09-15,110.9,110.9,110.9,110.9,11311.0,3307.0
2015-09-16,112.75,112.75,112.75,112.75,17842.0,2304.0
2015-09-17,114.35,114.35,114.35,114.35,8983.0,2219.0
2015-09-18,112.9,113.7,110.15,113.3,17425.0,2635.0
2015-09-21,110.5,110.5,110.5,110.5,17183.0,2385.0
2015-09-22,111.55,111.55,111.55,111.55,14838.0,2736.0
2015-09-23,110.35,110.35,110.35,110.35,16278.0,2444.0
2015-09-24,111.45,111.45,111.45,111.45,16379.0,2201.0
2015-09-25,111.0,111.5,109.65,111.5,6772.0,2288.0
2015-09-28,109.75,109.75,109.75,109.75,12878.0,2159.0
2015-09-29,109.4,109.9,108.3,109.1,12375.0,1990.0
2015-09-30,110.1,110.8,109.2,110.0,9650.0,2369.0
2015-10-01,110.6,111.4,107.65,108.1,18969.0,3833.0
2015-10-05,108.55,109.0,105.7,105.95,15055.0,5303.0
2015-10-06,106.15,107.1,105.3,106.25,15147.0,5290.0
2015-10-07,106.2,109.4,106.2,108.9,17521.0,3637.0
2015-10-08,108.6,109.1,107.8,108.7,14108.0,3500.0
2015-10-09,109.4,117.9,109.4,115.15,35389.0,2230.0
2015-10-12,115.25,117.45,115.25,116.7,17100.0,2619.0
2015-10-13,116.05,116.9,115.3,115.4,14566.0,1829.0
2015-10-14,115.45,116.65,114.8,116.45,11872.0,1995.0
2015-10-15,116.3,118.2,116.0,116.15,17258.0,2110.0
2015-10-16,116.7,117.35,116.15,116.8,11329.0,2132.0
2015-10-19,116.7,117.0,115.5,115.85,11966.0,1998.0
2015-10-20,115.35,115.85,114.65,115.3,10449.0,2133.0
2015-10-21,115.2,115.55,112.2,112.45,12766.0,2183.0
2015-10-22,113.25,114.95,113.1,113.55,7952.0,1780.0
2015-10-23,113.1,115.5,112.0,113.5,18163.0,1741.0
2015-10-26,113.3,113.95,112.75,113.3,9987.0,1711.0
2015-10-27,113.25,113.8,112.6,113.25,9359.0,1614.0
2015-10-28,113.0,113.45,111.65,112.65,12484.0,1685.0
2015-10-29,112.25,112.55,111.05,111.25,10787.0,1740.0
2015-10-30,112.2,112.2,110.8,111.35,6537.0,1640.0
2015-11-02,111.3,112.35,110.45,111.35,11075.0,1812.0
2015-11-03,111.65,111.8,110.7,110.95,10869.0,1978.0
2015-11-04,111.45,111.9,109.95,110.1,10931.0,2035.0
2015-11-05,110.35,110.5,108.95,109.05,11871.0,2542.0
2015-11-06,109.05,110.6,108.0,110.35,13945.0,2162.0
2015-11-09,110.85,111.0,109.7,109.8,9524.0,2182.0
2015-11-10,109.6,109.6,107.55,108.2,10793.0,2281.0
2015-11-11,107.6,107.6,105.75,105.9,2328.0,2765.0
2015-11-12,106.45,107.15,105.85,106.75,7141.0,2353.0
2015-11-13,106.8,107.1,105.95,106.55,6908.0,2437.0
2015-11-16,106.5,106.9,104.85,105.1,11597.0,2430.0
2015-11-17,104.9,106.1,103.6,104.65,13672.0,2219.0
2015-11-18,104.45,105.2,103.55,104.95,15166.0,2188.0
2015-11-19,104.0,105.05,103.3,104.8,15807.0,1977.0
2015-11-20,105.1,108.15,104.6,104.95,24106.0,2096.0
2015-11-23,104.1,104.95,102.5,104.7,16466.0,1921.0
2015-11-24,104.5,107.35,104.45,106.45,21192.0,2015.0
2015-11-25,105.95,107.3,105.85,107.1,7859.0,1936.0
2015-11-26,107.35,109.8,107.35,109.15,14376.0,1758.0
2015-11-27,108.85,108.85,107.0,108.05,14660.0,1832.0
2015-11-30,108.3,110.25,107.65,109.85,12230.0,2981.0
2015-12-01,110.05,110.95,109.25,110.8,14412.0,2869.0
2015-12-02,110.3,111.25,109.7,110.0,16762.0,3167.0
2015-12-03,110.0,111.3,109.1,111.1,17204.0,3993.0
2015-12-04,111.05,113.0,110.65,112.85,19509.0,4575.0
2015-12-07,112.8,113.6,112.1,112.3,13189.0,4587.0
2015-12-08,112.0,113.9,111.35,113.8,14984.0,5005.0
2015-12-09,113.5,115.1,113.35,113.9,18175.0,5158.0
2015-12-10,113.5,114.15,112.45,114.05,16128.0,4808.0
2015-12-11,114.15,116.3,114.1,116.15,15943.0,5591.0
2015-12-14,116.1,116.65,115.0,116.45,12201.0,5447.0
2015-12-15,115.65,116.0,113.3,113.5,15200.0,4468.0
2015-12-16,113.2,113.2,110.5,110.9,21186.0,3818.0
2015-12-17,110.85,111.0,107.15,107.8,18306.0,3531.0
2015-12-18,107.85,112.0,107.5,111.8,27541.0,4222.0
2015-12-21,112.05,116.05,111.95,115.0,17623.0,4589.0
2015-12-22,113.85,114.75,112.65,113.2,18063.0,4129.0
2015-12-23,113.65,115.6,113.5,115.4,18195.0,4712.0
2015-12-24,115.55,116.25,115.0,115.2,10443.0,4462.0
2015-12-28,115.1,115.2,114.2,115.0,7522.0,4456.0
2015-12-29,114.7,118.2,114.6,117.7,17991.0,4163.0
2015-12-30,117.35,119.35,116.7,119.2,15351.0,3787.0
2015-12-31,118.7,119.6,117.65,118.05,12907.0,5359.0
2016-01-01,118.05,119.1,117.55,118.55,3073.0,5569.0
2016-01-04,117.45,118.05,115.85,116.7,24021.0,5379.0
2016-01-05,116.1,117.6,114.05,114.25,22741.0,4209.0
2016-01-06,114.4,114.5,112.25,112.55,19366.0,3976.0
2016-01-07,112.15,112.15,108.2,110.2,25754.0,3479.0
2016-01-08,109.9,111.25,109.05,109.2,18984.0,3463.0
2016-01-11,109.2,109.2,107.1,107.25,14381.0,3299.0
2016-01-12,107.45,108.4,106.7,107.9,16702.0,3071.0
2016-01-13,108.65,110.05,107.9,108.65,17264.0,3382.0
2016-01-14,109.2,110.65,108.9,109.85,16451.0,3278.0
2016-01-15,109.75,109.8,108.2,108.9,16664.0,3038.0
2016-01-18,109.4,110.0,108.85,109.0,13717.0,3244.0
2016-01-19,109.6,111.15,109.6,110.55,17160.0,2923.0
2016-01-20,110.35,110.35,109.45,109.75,13400.0,2658.0
2016-01-21,110.15,111.95,108.75,111.8,15611.0,2583.0
2016-01-22,111.25,112.3,110.5,110.75,16060.0,2222.0
2016-01-25,110.15,111.2,109.9,110.15,12413.0,2347.0
2016-01-28,113.35,114.65,112.3,113.8,19851.0,1833.0
2016-01-29,114.35,117.65,113.9,117.15,15194.0,3736.0
2016-02-01,116.65,119.0,115.2,118.8,18829.0,4644.0
2016-02-02,118.25,120.8,117.9,119.5,22432.0,5291.0
2016-02-03,120.3,122.65,119.75,122.45,18788.0,6382.0
2016-02-04,123.55,124.25,121.85,122.35,19653.0,5427.0
2016-02-05,121.8,122.0,119.7,120.2,18908.0,4721.0
2016-02-08,120.3,124.8,119.8,124.65,20897.0,5404.0
2016-02-09,124.45,126.05,120.55,123.7,27816.0,5323.0
2016-02-10,123.5,125.45,122.1,122.85,21927.0,4717.0
2016-02-11,122.65,126.55,122.1,126.2,19746.0,5312.0
2016-02-12,126.1,126.7,125.45,126.2,12832.0,5307.0
2016-02-15,126.45,126.9,124.1,124.3,13833.0,4963.0
2016-02-16,124.95,125.95,122.7,122.95,17779.0,4626.0
2016-02-17,122.4,122.5,117.2,119.3,21269.0,3508.0
2016-02-18,118.75,119.45,116.8,118.6,18930.0,3341.0
2016-02-19,119.5,121.45,118.2,119.25,19262.0,2746.0
2016-02-22,119.95,121.2,117.95,118.1,16674.0,2914.0
2016-02-23,117.65,118.0,116.35,116.95,13632.0,2586.0
2016-02-24,116.25,117.55,115.2,117.35,15057.0,2332.0
2016-02-25,117.7,118.25,116.0,116.2,13839.0,2379.0
2016-02-26,117.1,120.8,116.9,120.6,19614.0,1981.0
2016-02-29,119.6,121.5,119.05,120.6,8554.0,2012.0
2016-03-01,119.4,121.3,119.3,121.05,12988.0,2296.0
2016-03-02,121.2,122.85,120.7,122.8,12308.0,2679.0
2016-03-03,122.45,124.15,122.3,124.0,10610.0,3175.0
2016-03-04,123.3,126.4,123.25,125.25,16484.0,3050.0
2016-03-07,126.7,127.65,124.85,125.3,12818.0,3195.0
2016-03-08,124.3,126.0,122.6,122.9,18459.0,2959.0
2016-03-09,122.9,125.35,122.7,124.0,17674.0,3248.0
2016-03-10,124.0,124.75,122.4,123.05,17227.0,3156.0
2016-03-11,123.5,125.2,123.3,124.05,14464.0,3173.0
2016-03-14,124.45,124.8,123.0,123.15,11870.0,3187.0
2016-03-15,123.3,123.6,120.2,120.4,15837.0,2806.0
2016-03-16,120.6,121.0,119.3,120.25,17303.0,2480.0
2016-03-17,121.0,121.75,120.35,121.25,17161.0,2371.0
2016-03-18,122.0,122.7,119.9,120.2,15112.0,2278.0
2016-03-21,120.6,122.15,119.6,122.0,12674.0,2235.0
2016-03-22,121.8,122.55,120.05,120.75,12389.0,1996.0
2016-03-23,120.6,121.0,118.55,118.7,9909.0,2127.0
2016-03-24,118.0,118.2,116.8,117.95,6574.0,2063.0
2016-03-28,117.8,118.5,117.8,118.3,4862.0,2014.0
2016-03-29,118.55,118.65,115.3,115.45,14961.0,2199.0
2016-03-30,115.6,115.9,113.75,114.0,11392.0,1954.0
2016-03-31,115.2,115.25,113.3,114.25,9910.0,2593.0
2016-04-01,114.65,116.6,114.3,116.3,14432.0,1868.0
2016-04-04,116.25,116.75,112.9,113.55,13374.0,2646.0
2016-04-05,114.1,114.65,113.0,114.25,12868.0,2368.0
2016-04-06,114.35,115.0,112.9,114.65,17773.0,2348.0
2016-04-07,114.35,114.75,112.8,114.05,17276.0,2174.0
2016-04-08,113.85,114.0,112.65,113.5,14643.0,2690.0
2016-04-11,113.9,114.3,112.3,112.55,12177.0,3521.0
2016-04-12,112.65,114.65,111.8,114.4,20508.0,3592.0
2016-04-13,114.8,117.45,114.35,116.3,19553.0,2964.0
2016-04-14,116.2,117.1,113.8,114.75,10210.0,2974.0
2016-04-15,114.7,114.85,113.6,114.0,8003.0,3416.0
2016-04-18,113.7,115.4,112.85,113.95,14517.0,3709.0
2016-04-19,114.15,116.75,114.15,116.5,11234.0,3190.0
2016-04-20,116.3,118.2,116.0,117.35,16795.0,2938.0
2016-04-21,117.6,120.2,117.0,117.8,22100.0,2564.0
2016-04-22,117.85,120.2,117.4,119.4,15889.0,2218.0
2016-04-25,118.5,119.45,116.2,116.4,17393.0,2578.0
2016-04-26,116.45,116.7,115.1,116.2,15645.0,2524.0
2016-04-27,115.95,117.05,114.85,115.15,15230.0,2102.0
2016-04-28,115.45,117.2,114.75,116.8,11968.0,1647.0
2016-04-29,118.15,120.5,117.9,120.15,11244.0,1818.0
2016-05-02,120.45,120.45,119.35,119.5,7778.0,1857.0
2016-05-03,118.95,119.35,116.95,117.15,16868.0,2022.0
2016-05-04,117.0,118.5,116.2,117.4,16545.0,2233.0
2016-05-05,117.25,117.4,115.2,115.3,16341.0,2650.0
2016-05-06,115.45,116.95,115.25,116.5,12181.0,2287.0
2016-05-09,115.35,116.3,115.05,115.65,12238.0,2060.0
2016-05-10,116.1,117.3,115.8,117.1,16279.0,2240.0
2016-05-11,117.45,119.15,117.45,117.85,13677.0,1929.0
2016-05-12,117.65,118.35,114.3,114.55,17702.0,3023.0
2016-05-13,114.7,115.7,114.35,114.95,11629.0,2680.0
2016-05-16,114.6,117.2,113.35,116.8,14940.0,2270.0
2016-05-17,116.4,117.15,114.65,114.95,14308.0,2944.0
2016-05-18,114.95,115.25,113.8,114.4,11045.0,3593.0
2016-05-19,114.0,114.75,113.4,114.0,13075.0,3678.0
2016-05-20,114.05,114.9,112.4,112.65,13753.0,5028.0
2016-05-23,112.9,113.05,111.15,111.4,12658.0,5498.0
2016-05-24,111.85,112.45,111.2,111.8,14183.0,4996.0
2016-05-25,111.7,111.9,109.8,110.0,16423.0,6159.0
2016-06-20,115.25,116.85,114.9,116.6,11652.0,3330.0
2016-06-21,116.25,117.05,115.15,116.1,14318.0,3240.0
2016-06-22,116.2,116.7,115.25,115.55,11414.0,3373.0
2016-06-23,115.15,116.55,115.1,116.45,11487.0,3128.0
2016-06-24,116.0,116.25,114.35,115.9,12341.0,2763.0
2016-06-27,115.8,116.3,114.95,115.15,10184.0,2986.0
2016-06-28,115.6,117.85,115.6,117.25,13089.0,2448.0
2016-06-29,117.0,119.3,117.0,119.05,11925.0,1873.0
2016-06-30,120.0,120.75,119.05,120.3,7195.0,750.0
2016-07-01,114.5,116.85,113.7,116.75,221.0,80.0
